Invoice_ID,Customer_ID,Customer_Name,Customer_Segment,Region,Sales_Channel,Service,Quantity,Unit_Price,Discount_Percentage,Discount_Amount,Tax_Amount,Invoice_Amount,Invoice_Status,Payment_Method,Paid_Amount,Refund_Amount,Net_Collected,Outstanding_Amount,Potential_Leakage,Collection_Rate_%,Leakage_%,Leakage_Risk
INV50000,CUST1163,Customer_164,Smb,North,Online,Cloud Service,4.0,39963.21,10,15985.28,25896.16,169763.72,Paid,Debit Card,169763.72,0.0,169763.72,0.0,0.0,100.0,0.0,Low Risk
INV50001,CUST1055,Customer_56,Smb,West,Direct,Data Service,1.0,57387.86,10,5738.79,9296.83,60945.9,Unpaid,Debit Card,0.0,0.0,0.0,60945.9,60945.9,0.0,100.0,Critical Risk
INV50002,CUST1178,Customer_179,Smb,North,Partner,Cloud Service,3.0,68559.52,10,20567.86,33319.93,218430.63,Overdue,Bank Transfer,0.0,0.0,0.0,218430.63,218430.63,0.0,100.0,Critical Risk
INV50003,CUST1067,Customer_68,Enterprise,East,Online,Support Plan,9.0,22959.75,0,0.0,37194.79,243832.54,Overdue,Cheque,0.0,0.0,0.0,243832.54,243832.54,0.0,100.0,Critical Risk
INV50004,CUST1011,Customer_12,Mid-Market,West,Online,Cloud Service,2.0,22481.49,10,4496.3,7284.0,47750.68,Overdue,Upi,0.0,0.0,0.0,47750.68,47750.68,0.0,100.0,Critical Risk
INV50005,CUST1053,Customer_54,Mid-Market,West,Partner,Software Subscription,10.0,13771.8,5,6885.9,23549.78,154381.88,Paid,Upi,154381.88,0.0,154381.88,0.0,0.0,100.0,0.0,Low Risk
INV50006,CUST1058,Customer_59,Enterprise,East,Direct,Cloud Service,7.0,14646.69,10,10252.68,16609.35,108883.5,Paid,Debit Card,108883.5,0.0,108883.5,0.0,0.0,100.0,0.0,Low Risk
INV50007,CUST1067,Customer_68,Smb,West,Partner,Data Service,9.0,52907.34,10,47616.61,77138.9,505688.35,Unpaid,Credit Card,0.0,0.0,0.0,505688.35,505688.35,0.0,100.0,Critical Risk
INV50008,CUST1193,Customer_194,Smb,North,Partner,Software Subscription,3.0,30241.26,5,4536.19,15513.77,101701.36,Unpaid,Debit Card,0.0,0.0,0.0,101701.36,101701.36,0.0,100.0,Critical Risk
INV50009,CUST1220,Customer_221,Enterprise,East,Partner,Software Subscription,11.0,34198.69,10,37618.56,60942.07,399509.1,Unpaid,Credit Card,0.0,0.0,0.0,399509.1,399509.1,0.0,100.0,Critical Risk
INV50010,CUST1248,Customer_249,Mid-Market,South,Direct,Consulting,9.0,17161.37,0,0.0,27801.42,182253.75,Overdue,Upi,0.0,0.0,0.0,182253.75,182253.75,0.0,100.0,Critical Risk
INV50011,CUST1082,Customer_83,Mid-Market,North,Direct,Software Subscription,6.0,43886.66,10,26332.0,42657.83,279645.79,Paid,Debit Card,279645.79,0.0,279645.79,0.0,0.0,100.0,0.0,Low Risk
INV50012,CUST1168,Customer_169,Mid-Market,South,Online,Data Service,3.0,51119.46,10,15335.84,24844.06,162866.6,Paid,Credit Card,162866.6,0.0,162866.6,0.0,0.0,100.0,0.0,Low Risk
INV50013,CUST1166,Customer_167,Smb,North,Online,Data Service,8.0,18253.97,0,0.0,26285.72,172317.48,Paid,Cheque,172317.48,0.0,172317.48,0.0,0.0,100.0,0.0,Low Risk
INV50014,CUST1018,Customer_19,Mid-Market,North,Online,Software Subscription,4.0,14727.52,0,0.0,10603.81,69513.89,Overdue,Credit Card,0.0,0.0,0.0,69513.89,69513.89,0.0,100.0,Critical Risk
INV50015,CUST1138,Customer_139,Smb,West,Direct,Data Service,10.0,16720.44,25,41801.1,22572.59,147975.89,Paid,Bank Transfer,147975.89,0.0,147975.89,0.0,0.0,100.0,0.0,Low Risk
INV50016,CUST1108,Customer_109,Smb,North,Direct,Software Subscription,11.0,19256.96,0,0.0,38128.78,249955.34,Paid,Credit Card,249955.34,0.0,249955.34,0.0,0.0,100.0,0.0,Low Risk
INV50017,CUST1108,Customer_109,Smb,North,Direct,Support Plan,4.0,20742.69,0,0.0,14934.74,97905.5,Paid,Cheque,97905.5,0.0,97905.5,0.0,0.0,100.0,0.0,Low Risk
INV50018,CUST1042,Customer_43,Smb,North,Partner,Support Plan,4.0,17958.35,20,14366.68,10344.01,67810.73,Overdue,Upi,0.0,0.0,0.0,67810.73,67810.73,0.0,100.0,Critical Risk
INV50019,CUST1178,Customer_179,Enterprise,North,Online,Data Service,11.0,22435.14,25,61696.64,33316.18,218406.08,Paid,Cheque,218406.08,0.0,218406.08,0.0,0.0,100.0,0.0,Low Risk
INV50020,CUST1012,Customer_13,Mid-Market,South,Direct,Data Service,9.0,39428.2,5,17742.69,60680.0,397791.11,Paid,Cheque,397791.11,0.0,397791.11,0.0,0.0,100.0,0.0,Low Risk
INV50021,CUST1030,Customer_31,Enterprise,East,Partner,Data Service,4.0,14393.17,0,0.0,10363.08,67935.76,Partially Paid,Credit Card,30675.37,0.0,30675.37,37260.39,37260.39,45.15,54.85,Critical Risk
INV50022,CUST1101,Customer_102,Smb,North,Partner,Cloud Service,8.0,33371.57,15,40045.88,40846.8,267773.48,Overdue,Cheque,0.0,0.0,0.0,267773.48,267773.48,0.0,100.0,Critical Risk
INV50023,CUST1054,Customer_55,Mid-Market,South,Partner,Consulting,6.0,53467.99,0,0.0,57745.43,378553.37,Overdue,Cheque,0.0,0.0,0.0,378553.37,378553.37,0.0,100.0,Critical Risk
INV50024,CUST1209,Customer_210,Mid-Market,South,Partner,Software Subscription,3.0,24874.59,10,7462.38,12089.05,79250.44,Paid,Upi,79250.44,0.0,79250.44,0.0,0.0,100.0,0.0,Low Risk
INV50025,CUST1175,Customer_176,Mid-Market,North,Direct,Cloud Service,9.0,72814.08,25,163831.68,88469.11,579964.15,Paid,Debit Card,579964.15,0.0,579964.15,0.0,0.0,100.0,0.0,Low Risk
INV50026,CUST1085,Customer_86,Mid-Market,North,Direct,Cloud Service,3.0,25973.9,25,19480.42,10519.43,68960.71,Paid,Bank Transfer,68960.71,0.0,68960.71,0.0,0.0,100.0,0.0,Low Risk
INV50027,CUST1149,Customer_150,Mid-Market,North,Partner,Support Plan,3.0,20427.03,0,0.0,11030.6,72311.69,Paid,Credit Card,72311.69,0.0,72311.69,0.0,0.0,100.0,0.0,Low Risk
INV50028,CUST1199,Customer_200,Mid-Market,South,Direct,Support Plan,10.0,22772.44,5,11386.22,38940.87,255279.05,Overdue,Debit Card,0.0,0.0,0.0,255279.05,255279.05,0.0,100.0,Critical Risk
INV50029,CUST1200,Customer_201,Enterprise,North,Partner,Consulting,5.0,19877.29,5,4969.32,16995.08,111412.21,Unpaid,Credit Card,0.0,0.0,0.0,111412.21,111412.21,0.0,100.0,Critical Risk
INV50030,CUST1078,Customer_79,Enterprise,North,Partner,Consulting,4.0,78792.21,0,0.0,56730.39,371899.23,Partially Paid,Upi,163293.36,0.0,163293.36,208605.87,208605.87,43.91,56.09,Critical Risk
INV50031,CUST1029,Customer_30,Enterprise,East,Online,Cloud Service,3.0,23641.93,10,7092.58,11489.98,75323.19,Paid,Upi,75323.19,0.0,75323.19,0.0,0.0,100.0,0.0,Low Risk
INV50032,CUST1230,Customer_231,Mid-Market,South,Partner,Cloud Service,1.0,15204.13,20,3040.83,2189.39,14352.69,Paid,Debit Card,14352.69,0.0,14352.69,0.0,0.0,100.0,0.0,Low Risk
INV50033,CUST1080,Customer_81,Mid-Market,East,Partner,Software Subscription,12.0,43108.76,10,51730.51,83803.43,549378.04,Paid,Upi,549378.04,0.0,549378.04,0.0,0.0,100.0,0.0,Low Risk
INV50034,CUST1170,Customer_171,Enterprise,East,Partner,Consulting,10.0,116391.36,10,116391.36,188554.0,1236076.24,Paid,Credit Card,1236076.24,0.0,1236076.24,0.0,0.0,100.0,0.0,Low Risk
INV50035,CUST1113,Customer_114,Smb,South,Online,Consulting,9.0,99881.72,25,224733.87,121356.29,795557.9,Unpaid,Bank Transfer,0.0,0.0,0.0,795557.9,795557.9,0.0,100.0,Critical Risk
INV50036,CUST1209,Customer_210,Enterprise,North,Direct,Consulting,11.0,46984.45,10,51682.89,83726.29,548872.35,Paid,Credit Card,548872.35,0.0,548872.35,0.0,0.0,100.0,0.0,Low Risk
INV50037,CUST1106,Customer_107,Enterprise,North,Direct,Data Service,4.0,12176.62,20,9741.3,7013.73,45978.91,Paid,Debit Card,45978.91,0.0,45978.91,0.0,0.0,100.0,0.0,Low Risk
INV50038,CUST1118,Customer_119,Smb,East,Partner,Consulting,2.0,86844.47,25,43422.24,23448.01,153714.71,Paid,Cheque,153714.71,0.0,153714.71,0.0,0.0,100.0,0.0,Low Risk
INV50039,CUST1190,Customer_191,Enterprise,West,Online,Support Plan,5.0,18204.57,10,9102.28,14745.7,96666.27,Unpaid,Credit Card,0.0,0.0,0.0,96666.27,96666.27,0.0,100.0,Critical Risk
INV50040,CUST1182,Customer_183,Smb,South,Direct,Cloud Service,6.0,19763.06,15,17786.75,18142.49,118934.1,Overdue,Debit Card,0.0,0.0,0.0,118934.1,118934.1,0.0,100.0,Critical Risk
INV50041,CUST1106,Customer_107,Smb,West,Online,Data Service,8.0,33244.38,20,53191.01,38297.53,251061.56,Paid,Bank Transfer,251061.56,0.0,251061.56,0.0,0.0,100.0,0.0,Low Risk
INV50042,CUST1241,Customer_242,Smb,West,Direct,Support Plan,7.0,6031.66,10,4222.16,6839.9,44839.36,Paid,Debit Card,44839.36,0.0,44839.36,0.0,0.0,100.0,0.0,Low Risk
INV50043,CUST1215,Customer_216,Mid-Market,North,Direct,Consulting,10.0,110478.64,0,0.0,198861.55,1303647.95,Overdue,Debit Card,0.0,0.0,0.0,1303647.95,1303647.95,0.0,100.0,Critical Risk
INV50044,CUST1012,Customer_13,Smb,West,Partner,Cloud Service,4.0,30702.4,25,30702.4,16579.3,108686.5,Paid,Debit Card,108686.5,0.0,108686.5,0.0,0.0,100.0,0.0,Low Risk
INV50045,CUST1004,Customer_5,Mid-Market,North,Direct,Software Subscription,6.0,32513.32,10,19507.99,31602.95,207174.88,Partially Paid,Credit Card,138546.09,0.0,138546.09,68628.79,68628.79000000001,66.87,33.13,High Risk
INV50046,CUST1032,Customer_33,Mid-Market,East,Direct,Software Subscription,10.0,19533.31,10,19533.31,31643.96,207443.75,Paid,Cheque,207443.75,0.0,207443.75,0.0,0.0,100.0,0.0,Low Risk
INV50047,CUST1027,Customer_28,Mid-Market,North,Online,Cloud Service,10.0,51605.44,20,103210.88,74311.83,487155.35,Paid,Credit Card,487155.35,0.0,487155.35,0.0,0.0,100.0,0.0,Low Risk
INV50048,CUST1153,Customer_154,Enterprise,North,Online,Data Service,1.0,35975.64,15,5396.35,5504.27,36083.56,Paid,Upi,36083.56,0.0,36083.56,0.0,0.0,100.0,0.0,Low Risk
INV50049,CUST1027,Customer_28,Smb,East,Online,Cloud Service,11.0,24788.36,25,68167.99,36810.71,241314.68,Unpaid,Cheque,0.0,0.0,0.0,241314.68,241314.68,0.0,100.0,Critical Risk
INV50050,CUST1211,Customer_212,Mid-Market,West,Direct,Cloud Service,6.0,87566.77,10,52540.06,85114.9,557975.46,Unpaid,Debit Card,0.0,0.0,0.0,557975.46,557975.46,0.0,100.0,Critical Risk
INV50051,CUST1126,Customer_127,Enterprise,East,Online,Consulting,8.0,96388.95,10,77111.16,124920.08,818920.52,Paid,Upi,818920.52,0.0,818920.52,0.0,0.0,100.0,0.0,Low Risk
INV50052,CUST1061,Customer_62,Mid-Market,North,Direct,Support Plan,9.0,33184.97,10,29866.47,48383.69,317181.95,Partially Paid,Upi,186357.63,0.0,186357.63,130824.32,130824.32,58.75,41.25,High Risk
INV50053,CUST1078,Customer_79,Mid-Market,East,Partner,Cloud Service,8.0,81586.19,15,97903.43,99861.5,654647.59,Paid,Debit Card,654647.59,0.0,654647.59,0.0,0.0,100.0,0.0,Low Risk
INV50054,CUST1059,Customer_60,Smb,South,Direct,Consulting,6.0,77779.5,0,0.0,84001.86,550678.86,Unpaid,Credit Card,0.0,0.0,0.0,550678.86,550678.86,0.0,100.0,Critical Risk
INV50055,CUST1194,Customer_195,Mid-Market,East,Direct,Cloud Service,2.0,83749.94,10,16749.99,27134.98,177884.87,Paid,Cheque,177884.87,0.0,177884.87,0.0,0.0,100.0,0.0,Low Risk
INV50056,CUST1249,Customer_250,Smb,North,Online,Cloud Service,12.0,17079.4,5,10247.64,35046.93,229752.09,Partially Paid,Upi,149723.76,0.0,149723.76,80028.33,80028.32999999999,65.17,34.83,High Risk
INV50057,CUST1087,Customer_88,Smb,West,Direct,Software Subscription,5.0,15251.37,25,19064.21,10294.68,67487.32,Paid,Cheque,67487.32,0.0,67487.32,0.0,0.0,100.0,0.0,Low Risk
INV50058,CUST1207,Customer_208,Mid-Market,South,Online,Cloud Service,2.0,13618.18,10,2723.64,4412.29,28925.01,Paid,Debit Card,28925.01,0.0,28925.01,0.0,0.0,100.0,0.0,Low Risk
INV50059,CUST1220,Customer_221,Mid-Market,South,Online,Support Plan,5.0,14759.91,0,0.0,13283.92,87083.47,Partially Paid,Credit Card,56086.42,0.0,56086.42,30997.05,30997.050000000003,64.41,35.59,High Risk
INV50060,CUST1061,Customer_62,Smb,West,Partner,Software Subscription,3.0,22381.06,0,0.0,12085.77,79228.95,Paid,Bank Transfer,79228.95,0.0,79228.95,0.0,0.0,100.0,0.0,Low Risk
INV50061,CUST1179,Customer_180,Enterprise,South,Partner,Software Subscription,11.0,18039.91,10,19843.9,32147.12,210742.23,Overdue,Bank Transfer,0.0,0.0,0.0,210742.23,210742.23,0.0,100.0,Critical Risk
INV50062,CUST1211,Customer_212,Smb,West,Direct,Software Subscription,3.0,38663.29,10,11598.99,18790.36,123181.24,Partially Paid,Debit Card,85554.81,0.0,85554.81,37626.43,37626.43000000001,69.45,30.55,High Risk
INV50063,CUST1128,Customer_129,Mid-Market,East,Direct,Support Plan,2.0,15702.6,0,0.0,5652.94,37058.14,Overdue,Bank Transfer,0.0,0.0,0.0,37058.14,37058.14,0.0,100.0,Critical Risk
INV50064,CUST1210,Customer_211,Smb,East,Direct,Software Subscription,3.0,18394.58,25,13795.93,7449.81,48837.62,Paid,Cheque,48837.62,0.0,48837.62,0.0,0.0,100.0,0.0,Low Risk
INV50065,CUST1120,Customer_121,Smb,West,Partner,Cloud Service,6.0,53415.69,0,0.0,57688.95,378183.09,Overdue,Debit Card,0.0,0.0,0.0,378183.09,378183.09,0.0,100.0,Critical Risk
INV50066,CUST1080,Customer_81,Smb,South,Online,Software Subscription,7.0,13214.2,0,0.0,16649.89,109149.29,Partially Paid,Upi,57364.08,0.0,57364.08,51785.21,51785.20999999999,52.56,47.44,High Risk
INV50067,CUST1052,Customer_53,Smb,North,Online,Consulting,5.0,99230.68,25,124038.35,66980.71,439095.76,Overdue,Cheque,0.0,0.0,0.0,439095.76,439095.76,0.0,100.0,Critical Risk
INV50068,CUST1141,Customer_142,Smb,West,Direct,Support Plan,2.0,7236.52,10,1447.3,2344.63,15370.37,Overdue,Credit Card,0.0,0.0,0.0,15370.37,15370.37,0.0,100.0,Critical Risk
INV50069,CUST1180,Customer_181,Smb,South,Online,Support Plan,8.0,34606.61,10,27685.29,44850.17,294017.76,Paid,Cheque,294017.76,0.0,294017.76,0.0,0.0,100.0,0.0,Low Risk
INV50070,CUST1197,Customer_198,Mid-Market,East,Online,Support Plan,6.0,28167.34,10,16900.4,27378.66,179482.3,Unpaid,Cheque,0.0,0.0,0.0,179482.3,179482.3,0.0,100.0,Critical Risk
INV50071,CUST1137,Customer_138,Mid-Market,South,Online,Cloud Service,9.0,25897.25,20,46615.05,33562.84,220023.04,Paid,Credit Card,220023.04,0.0,220023.04,0.0,0.0,100.0,0.0,Low Risk
INV50072,CUST1011,Customer_12,Smb,South,Partner,Support Plan,12.0,5165.66,20,12397.58,8926.26,58516.6,Paid,Bank Transfer,58516.6,0.0,58516.6,0.0,0.0,100.0,0.0,Low Risk
INV50073,CUST1223,Customer_224,Enterprise,South,Direct,Software Subscription,9.0,38172.07,25,85887.16,46379.06,304040.53,Paid,Debit Card,304040.53,0.0,304040.53,0.0,0.0,100.0,0.0,Low Risk
INV50074,CUST1177,Customer_178,Smb,West,Online,Software Subscription,6.0,34153.72,20,40984.46,29508.81,193446.67,Overdue,Bank Transfer,0.0,0.0,0.0,193446.67,193446.67,0.0,100.0,Critical Risk
INV50075,CUST1175,Customer_176,Enterprise,North,Partner,Consulting,12.0,91545.75,0,0.0,197738.82,1296287.82,Paid,Credit Card,1296287.82,0.0,1296287.82,0.0,0.0,100.0,0.0,Low Risk
INV50076,CUST1083,Customer_84,Mid-Market,West,Online,Cloud Service,6.0,71701.63,15,64531.47,65822.1,431500.41,Paid,Credit Card,431500.41,0.0,431500.41,0.0,0.0,100.0,0.0,Low Risk
INV50077,CUST1156,Customer_157,Enterprise,South,Partner,Data Service,11.0,10924.37,10,12016.81,19467.23,127618.49,Paid,Upi,127618.49,0.0,127618.49,0.0,0.0,100.0,0.0,Low Risk
INV50078,CUST1002,Customer_3,Enterprise,East,Online,Support Plan,5.0,15753.97,5,3938.49,13469.64,88301.0,Paid,Debit Card,88301.0,0.0,88301.0,0.0,0.0,100.0,0.0,Low Risk
INV50079,CUST1050,Customer_51,Enterprise,East,Online,Support Plan,2.0,8476.07,10,0.0,2746.25,18003.18,Paid,Upi,18003.18,0.0,18003.18,0.0,0.0,100.0,0.0,Low Risk
INV50080,CUST1002,Customer_3,Mid-Market,South,Online,Software Subscription,10.0,39934.83,25,99837.07,53912.02,353423.25,Unpaid,Upi,0.0,0.0,0.0,353423.25,353423.25,0.0,100.0,Critical Risk
INV50081,CUST1064,Customer_65,Mid-Market,East,Partner,Consulting,11.0,80446.3,0,0.0,159283.67,1044192.97,Overdue,Bank Transfer,0.0,0.0,0.0,1044192.97,1044192.97,0.0,100.0,Critical Risk
INV50082,CUST1232,Customer_233,Smb,East,Online,Support Plan,3.0,14926.94,10,4478.08,7254.49,47557.23,Paid,Cheque,47557.23,0.0,47557.23,0.0,0.0,100.0,0.0,Low Risk
INV50083,CUST1233,Customer_234,Enterprise,North,Direct,Support Plan,5.0,6906.75,15,5180.06,5283.66,34637.35,Unpaid,Credit Card,0.0,0.0,0.0,34637.35,34637.35,0.0,100.0,Critical Risk
INV50084,CUST1202,Customer_203,Smb,East,Online,Cloud Service,9.0,34878.59,0,0.0,56503.32,370410.63,Paid,Debit Card,370410.63,0.0,370410.63,0.0,0.0,100.0,0.0,Low Risk
INV50085,CUST1059,Customer_60,Mid-Market,North,Online,Data Service,9.0,24234.72,15,32716.87,33371.21,218766.82,Overdue,Debit Card,0.0,0.0,0.0,218766.82,218766.82,0.0,100.0,Critical Risk
INV50086,CUST1035,Customer_36,Smb,South,Partner,Software Subscription,5.0,34995.43,25,43744.29,23621.91,154854.77,Paid,Debit Card,154854.77,0.0,154854.77,0.0,0.0,100.0,0.0,Low Risk
INV50087,CUST1190,Customer_191,Mid-Market,East,Direct,Support Plan,11.0,24126.72,0,0.0,47770.91,313164.83,Unpaid,Upi,0.0,0.0,0.0,313164.83,313164.83,0.0,100.0,Critical Risk
INV50088,CUST1243,Customer_244,Smb,East,Direct,Cloud Service,2.0,80977.02,15,24293.11,24778.97,162439.9,Paid,Debit Card,162439.9,0.0,162439.9,0.0,0.0,100.0,0.0,Low Risk
INV50089,CUST1242,Customer_243,Enterprise,South,Direct,Support Plan,2.0,19166.45,10,3833.29,6209.93,40709.54,Partially Paid,Cheque,22727.63,16449.0,6278.63,34430.91,34430.91,15.42,84.58,Critical Risk
INV50090,CUST1053,Customer_54,Mid-Market,East,Direct,Consulting,6.0,27557.4,5,8267.22,28273.89,185351.07,Unpaid,Credit Card,0.0,0.0,0.0,185351.07,185351.07,0.0,100.0,Critical Risk
INV50091,CUST1169,Customer_170,Enterprise,East,Direct,Consulting,1.0,89890.7,15,13483.6,13753.28,90160.38,Unpaid,Credit Card,0.0,0.0,0.0,90160.38,90160.38,0.0,100.0,Critical Risk
INV50092,CUST1189,Customer_190,Smb,North,Partner,Software Subscription,12.0,36149.05,0,0.0,78081.95,511870.55,Paid,Cheque,511870.55,0.0,511870.55,0.0,0.0,100.0,0.0,Low Risk
INV50093,CUST1133,Customer_134,Smb,North,Partner,Software Subscription,1.0,28767.26,25,7191.81,3883.58,25459.03,Unpaid,Debit Card,0.0,0.0,0.0,25459.03,25459.03,0.0,100.0,Critical Risk
INV50094,CUST1155,Customer_156,Smb,East,Partner,Consulting,5.0,95951.55,15,71963.66,73402.94,481197.03,Paid,Cheque,481197.03,0.0,481197.03,0.0,0.0,100.0,0.0,Low Risk
INV50095,CUST1218,Customer_219,Mid-Market,West,Partner,Data Service,12.0,33171.17,10,39805.4,64484.76,422733.4,Paid,Debit Card,422733.4,0.0,422733.4,0.0,0.0,100.0,0.0,Low Risk
INV50096,CUST1080,Customer_81,Smb,North,Direct,Cloud Service,6.0,51818.63,5,15545.59,53165.91,348532.1,Partially Paid,Debit Card,168884.97,0.0,168884.97,179647.13,179647.12999999998,48.46,51.54,Critical Risk
INV50097,CUST1142,Customer_143,Smb,West,Online,Data Service,9.0,29659.67,15,40040.55,40841.37,267737.85,Partially Paid,Bank Transfer,119540.98,0.0,119540.98,148196.87,148196.87,44.65,55.35,Critical Risk
INV50098,CUST1026,Customer_27,Mid-Market,East,Direct,Consulting,3.0,17669.01,25,13251.76,7155.95,46911.22,Paid,Upi,46911.22,0.0,46911.22,0.0,0.0,100.0,0.0,Low Risk
INV50099,CUST1249,Customer_250,Mid-Market,North,Direct,Data Service,10.0,12718.25,0,0.0,22892.85,150075.35,Partially Paid,Upi,89249.62,0.0,89249.62,60825.73,60825.73000000001,59.47,40.53,High Risk
INV50100,CUST1001,Customer_2,Smb,North,Direct,Consulting,10.0,18300.06,20,36600.12,26352.09,172752.57,Paid,Cheque,172752.57,0.0,172752.57,0.0,0.0,100.0,0.0,Low Risk
INV50101,CUST1116,Customer_117,Smb,North,Direct,Cloud Service,5.0,60912.83,15,45684.62,46598.32,305477.85,Unpaid,Credit Card,0.0,0.0,0.0,305477.85,305477.85,0.0,100.0,Critical Risk
INV50102,CUST1020,Customer_21,Smb,North,Partner,Support Plan,8.0,14430.68,25,28861.36,15585.13,102169.21,Paid,Debit Card,102169.21,0.0,102169.21,0.0,0.0,100.0,0.0,Low Risk
INV50103,CUST1173,Customer_174,Mid-Market,North,Direct,Data Service,11.0,33954.25,10,37349.68,60506.47,396653.54,Paid,Credit Card,396653.54,0.0,396653.54,0.0,0.0,100.0,0.0,Low Risk
INV50104,CUST1195,Customer_196,Smb,South,Partner,Cloud Service,2.0,82605.32,0,0.0,29737.92,194948.56,Paid,Cheque,194948.56,0.0,194948.56,0.0,0.0,100.0,0.0,Low Risk
INV50105,CUST1101,Customer_102,Enterprise,East,Online,Software Subscription,7.0,17223.81,0,0.0,21702.0,142268.67,Paid,Debit Card,142268.67,0.0,142268.67,0.0,0.0,100.0,0.0,Low Risk
INV50106,CUST1029,Customer_30,Smb,North,Partner,Cloud Service,3.0,42830.63,25,32122.97,17346.41,113715.33,Unpaid,Bank Transfer,0.0,0.0,0.0,113715.33,113715.33,0.0,100.0,Critical Risk
INV50107,CUST1102,Customer_103,Mid-Market,North,Online,Support Plan,5.0,27666.53,15,20749.9,21164.9,138747.65,Paid,Bank Transfer,138747.65,0.0,138747.65,0.0,0.0,100.0,0.0,Low Risk
INV50108,CUST1186,Customer_187,Enterprise,South,Online,Consulting,4.0,39023.81,0,0.0,28097.14,184192.38,Paid,Bank Transfer,184192.38,0.0,184192.38,0.0,0.0,100.0,0.0,Low Risk
INV50109,CUST1193,Customer_194,Mid-Market,South,Partner,Data Service,8.0,11079.94,15,13295.93,13561.85,88905.44,Overdue,Bank Transfer,0.0,0.0,0.0,88905.44,88905.44,0.0,100.0,Critical Risk
INV50110,CUST1077,Customer_78,Mid-Market,West,Direct,Data Service,1.0,22356.83,15,3353.52,3420.6,22423.91,Paid,Bank Transfer,22423.91,0.0,22423.91,0.0,0.0,100.0,0.0,Low Risk
INV50111,CUST1165,Customer_166,Enterprise,North,Partner,Software Subscription,10.0,13965.19,20,27930.38,20109.87,131831.39,Paid,Cheque,131831.39,0.0,131831.39,0.0,0.0,100.0,0.0,Low Risk
INV50112,CUST1121,Customer_122,Mid-Market,North,Online,Software Subscription,8.0,42398.81,0,0.0,61054.29,0.0,Unpaid,Credit Card,0.0,0.0,0.0,400244.77,0.0,0.0,0.0,Low Risk
INV50113,CUST1112,Customer_113,Mid-Market,West,Partner,Data Service,3.0,49830.38,15,22423.67,22872.14,149939.61,Paid,Cheque,149939.61,0.0,149939.61,0.0,0.0,100.0,0.0,Low Risk
INV50114,CUST1084,Customer_85,Smb,South,Partner,Support Plan,5.0,24002.11,10,12001.06,19441.71,127451.2,Unpaid,Bank Transfer,0.0,0.0,0.0,127451.2,127451.2,0.0,100.0,Critical Risk
INV50115,CUST1247,Customer_248,Mid-Market,East,Direct,Support Plan,3.0,31143.82,0,0.0,16817.66,110249.12,Paid,Cheque,110249.12,0.0,110249.12,0.0,0.0,100.0,0.0,Low Risk
INV50116,CUST1092,Customer_93,Smb,South,Direct,Cloud Service,3.0,74293.77,10,22288.13,36106.77,236699.95,Paid,Credit Card,236699.95,0.0,236699.95,0.0,0.0,100.0,0.0,Low Risk
INV50117,CUST1216,Customer_217,Mid-Market,West,Direct,Data Service,9.0,16888.21,0,0.0,27358.9,179352.79,Partially Paid,Credit Card,130180.65,0.0,130180.65,49172.14,49172.140000000014,72.58,27.42,Medium Risk
INV50118,CUST1011,Customer_12,Smb,South,Online,Consulting,8.0,108718.69,10,86974.95,140899.42,923673.99,Unpaid,Credit Card,0.0,0.0,0.0,923673.99,923673.99,0.0,100.0,Critical Risk
INV50119,CUST1094,Customer_95,Mid-Market,West,Direct,Data Service,8.0,35585.14,25,71170.28,38431.95,251942.79,Unpaid,Credit Card,0.0,0.0,0.0,251942.79,251942.79,0.0,100.0,Critical Risk
INV50120,CUST1164,Customer_165,Mid-Market,North,Partner,Cloud Service,9.0,74595.21,0,0.0,120844.24,792201.13,Unpaid,Bank Transfer,0.0,0.0,0.0,792201.13,792201.13,0.0,100.0,Critical Risk
INV50121,CUST1231,Customer_232,Mid-Market,North,Partner,Support Plan,2.0,31882.74,10,6376.55,10330.01,67718.94,Unpaid,Bank Transfer,0.0,0.0,0.0,67718.94,67718.94,0.0,100.0,Critical Risk
INV50122,CUST1098,Customer_99,Enterprise,East,Direct,Cloud Service,4.0,35440.28,0,0.0,25517.0,167278.12,Paid,Credit Card,167278.12,0.0,167278.12,0.0,0.0,100.0,0.0,Low Risk
INV50123,CUST1178,Customer_179,Enterprise,South,Online,Support Plan,8.0,8301.56,0,0.0,11954.25,78366.73,Overdue,Cheque,0.0,0.0,0.0,78366.73,78366.73,0.0,100.0,Critical Risk
INV50124,CUST1060,Customer_61,Smb,West,Online,Software Subscription,4.0,16433.6,20,13146.88,9465.75,62053.27,Partially Paid,Cheque,35599.11,0.0,35599.11,26454.16,26454.159999999996,57.37,42.63,High Risk
INV50125,CUST1074,Customer_75,Smb,North,Online,Data Service,6.0,29636.71,10,17782.03,28806.88,188845.11,Paid,Upi,188845.11,0.0,188845.11,0.0,0.0,100.0,0.0,Low Risk
INV50126,CUST1223,Customer_224,Mid-Market,North,Partner,Support Plan,6.0,29540.44,10,17724.26,28713.31,188231.69,Unpaid,Credit Card,0.0,0.0,0.0,188231.69,188231.69,0.0,100.0,Critical Risk
INV50127,CUST1011,Customer_12,Smb,West,Online,Cloud Service,11.0,78858.45,5,43372.15,148332.74,972403.54,Unpaid,Credit Card,0.0,0.0,0.0,972403.54,972403.54,0.0,100.0,Critical Risk
INV50128,CUST1009,Customer_10,Smb,West,Online,Software Subscription,4.0,8257.23,0,0.0,5945.21,38974.13,Paid,Debit Card,38974.13,0.0,38974.13,0.0,0.0,100.0,0.0,Low Risk
INV50129,CUST1048,Customer_49,Smb,West,Partner,Software Subscription,11.0,26897.65,15,44381.12,45268.75,296761.78,Paid,Debit Card,296761.78,0.0,296761.78,0.0,0.0,100.0,0.0,Low Risk
INV50130,CUST1127,Customer_128,Mid-Market,North,Partner,Cloud Service,9.0,43392.88,10,39053.59,63266.82,414749.15,Unpaid,Cheque,0.0,0.0,0.0,414749.15,414749.15,0.0,100.0,Critical Risk
INV50131,CUST1026,Customer_27,Smb,East,Partner,Cloud Service,5.0,27768.62,25,34710.78,18743.82,122876.14,Partially Paid,Bank Transfer,55990.93,0.0,55990.93,66885.21,66885.20999999999,45.57,54.43,Critical Risk
INV50132,CUST1163,Customer_164,Enterprise,South,Direct,Software Subscription,2.0,12435.02,20,4974.01,3581.29,23477.32,Paid,Credit Card,23477.32,0.0,23477.32,0.0,0.0,100.0,0.0,Low Risk
INV50133,CUST1017,Customer_18,Smb,West,Partner,Cloud Service,6.0,37009.21,20,44411.05,31975.96,209620.17,Overdue,Upi,0.0,0.0,0.0,209620.17,209620.17,0.0,100.0,Critical Risk
INV50134,CUST1035,Customer_36,Mid-Market,South,Partner,Support Plan,6.0,33287.29,10,19972.37,32355.25,212106.62,Paid,Cheque,212106.62,0.0,212106.62,0.0,0.0,100.0,0.0,Low Risk
INV50135,CUST1198,Customer_199,Smb,South,Direct,Support Plan,4.0,14696.09,10,5878.44,9523.07,0.0,Partially Paid,Debit Card,49891.83,0.0,49891.83,12537.16,-49891.83,0.0,0.0,Low Risk
INV50136,CUST1207,Customer_208,Mid-Market,East,Partner,Cloud Service,11.0,51503.25,15,84980.36,86679.97,568235.36,Unpaid,Credit Card,0.0,0.0,0.0,0.0,568235.36,0.0,100.0,Critical Risk
INV50137,CUST1057,Customer_58,Smb,East,Partner,Consulting,3.0,88816.99,10,26645.1,43165.06,282970.93,Unpaid,Cheque,0.0,0.0,0.0,282970.93,282970.93,0.0,100.0,Critical Risk
INV50138,CUST1079,Customer_80,Smb,North,Direct,Support Plan,9.0,15908.89,20,28636.0,20617.92,135161.93,Unpaid,Upi,0.0,0.0,0.0,135161.93,135161.93,0.0,100.0,Critical Risk
INV50139,CUST1174,Customer_175,Mid-Market,North,Direct,Consulting,9.0,117037.12,5,52666.7,180120.13,1180787.51,Unpaid,Cheque,0.0,0.0,0.0,1180787.51,1180787.51,0.0,100.0,Critical Risk
INV50140,CUST1041,Customer_42,Smb,East,Direct,Consulting,6.0,116056.97,10,69634.18,112807.38,739515.02,Unpaid,Upi,0.0,0.0,0.0,739515.02,739515.02,0.0,100.0,Critical Risk
INV50141,CUST1241,Customer_242,Mid-Market,North,Direct,Consulting,11.0,41437.14,15,68371.28,69738.71,457175.97,Unpaid,Bank Transfer,0.0,0.0,0.0,457175.97,457175.97,0.0,100.0,Critical Risk
INV50142,CUST1106,Customer_107,Mid-Market,West,Partner,Software Subscription,8.0,26398.19,10,21118.55,34212.05,224279.02,Partially Paid,Debit Card,0.0,0.0,85507.83,138771.19,138771.19,38.13,61.87,Critical Risk
INV50143,CUST1112,Customer_113,Smb,East,Partner,Support Plan,4.0,14026.35,15,8415.81,8584.13,56273.72,Partially Paid,Credit Card,21808.85,0.0,21808.85,34464.87,34464.87,38.75,61.25,Critical Risk
INV50144,CUST1061,Customer_62,Mid-Market,West,Direct,Cloud Service,8.0,32787.24,10,26229.79,42492.26,278560.39,Paid,Credit Card,278560.39,132434.07,146126.32,132434.07,132434.07,52.46,47.54,High Risk
INV50145,CUST1195,Customer_196,Smb,North,Partner,Data Service,8.0,8955.01,25,17910.02,9671.41,63401.47,Overdue,Cheque,0.0,0.0,0.0,63401.47,63401.47,0.0,100.0,Critical Risk
INV50146,CUST1149,Customer_150,Smb,East,Online,Software Subscription,5.0,30553.88,25,38192.35,20623.87,135200.92,Partially Paid,Bank Transfer,95412.61,0.0,95412.61,39788.31,39788.31000000001,70.57,29.43,Medium Risk
INV50147,CUST1225,Customer_226,Smb,East,Online,Cloud Service,7.0,50214.32,15,52725.04,53779.54,352554.74,Paid,Upi,352554.74,106759.78,245794.96,106759.78,106759.78,69.72,30.28,High Risk
INV50148,CUST1115,Customer_116,Mid-Market,East,Partner,Cloud Service,10.0,14118.3,0,0.0,25412.94,166595.94,Paid,Cheque,166595.94,0.0,166595.94,0.0,0.0,100.0,0.0,Low Risk
INV50149,CUST1154,Customer_155,Mid-Market,West,Online,Data Service,1.0,21768.26,0,0.0,3918.29,25686.55,Paid,Debit Card,25686.55,0.0,25686.55,0.0,0.0,100.0,0.0,Low Risk
INV50150,CUST1238,Customer_239,Mid-Market,West,Online,Consulting,7.0,110367.92,10,77257.54,125157.22,820475.12,Partially Paid,Cheque,413838.62,0.0,413838.62,406636.5,406636.5,50.44,49.56,High Risk
INV50151,CUST1094,Customer_95,Smb,North,Online,Software Subscription,7.0,16863.79,10,11804.65,19123.54,125365.42,Unpaid,Debit Card,0.0,0.0,0.0,125365.42,125365.42,0.0,100.0,Critical Risk
INV50152,CUST1149,Customer_150,Mid-Market,North,Online,Data Service,11.0,14679.43,20,32294.75,23252.22,152431.2,Paid,Bank Transfer,152431.2,0.0,152431.2,0.0,0.0,100.0,0.0,Low Risk
INV50153,CUST1080,Customer_81,Smb,West,Online,Support Plan,12.0,19683.58,10,23620.3,38264.88,250847.54,Paid,Bank Transfer,250847.54,0.0,250847.54,0.0,0.0,100.0,0.0,Low Risk
INV50154,CUST1083,Customer_84,Enterprise,East,Online,Support Plan,9.0,34569.51,20,62225.12,44802.08,293702.55,Paid,Upi,293702.55,0.0,293702.55,0.0,0.0,100.0,0.0,Low Risk
INV50155,CUST1245,Customer_246,Smb,East,Online,Data Service,5.0,19828.93,10,9914.47,16061.43,105291.61,Overdue,Credit Card,0.0,0.0,0.0,105291.61,105291.61,0.0,100.0,Critical Risk
INV50156,CUST1089,Customer_90,Mid-Market,West,Partner,Cloud Service,5.0,63770.84,0,0.0,57393.76,376247.96,Paid,Credit Card,376247.96,0.0,376247.96,0.0,0.0,100.0,0.0,Low Risk
INV50157,CUST1244,Customer_245,Mid-Market,East,Online,Cloud Service,8.0,70929.57,10,56743.66,91924.72,602617.62,Unpaid,Upi,0.0,0.0,0.0,602617.62,602617.62,0.0,100.0,Critical Risk
INV50158,CUST1189,Customer_190,Mid-Market,West,Direct,Consulting,1.0,39951.94,10,3995.19,6472.22,42428.97,Partially Paid,Credit Card,9822.08,0.0,9822.08,32606.89,32606.89,23.15,76.85,Critical Risk
INV50159,CUST1167,Customer_168,Enterprise,East,Online,Support Plan,8.0,26846.49,10,21477.19,34793.05,228087.78,Unpaid,Bank Transfer,0.0,0.0,0.0,228087.78,228087.78,0.0,100.0,Critical Risk
INV50160,CUST1189,Customer_190,Mid-Market,North,Partner,Software Subscription,3.0,21607.98,20,12964.79,9334.65,61193.8,Overdue,Debit Card,0.0,0.0,0.0,61193.8,61193.8,0.0,100.0,Critical Risk
INV50161,CUST1002,Customer_3,Smb,West,Direct,Data Service,2.0,40512.21,15,12153.66,12396.74,81267.5,Paid,Cheque,81267.5,0.0,81267.5,0.0,0.0,100.0,0.0,Low Risk
INV50162,CUST1207,Customer_208,Smb,East,Online,Consulting,12.0,81520.62,25,244561.86,132063.4,865748.98,Partially Paid,Credit Card,546425.18,174621.99,371803.19,493945.79,493945.79,42.95,57.05,Critical Risk
INV50163,CUST1131,Customer_132,Smb,East,Direct,Support Plan,11.0,21073.24,0,0.0,41725.02,273530.66,Paid,Bank Transfer,273530.66,0.0,273530.66,0.0,0.0,100.0,0.0,Low Risk
INV50164,CUST1114,Customer_115,Mid-Market,South,Direct,Cloud Service,5.0,17223.18,0,0.0,15500.86,101616.76,Paid,Bank Transfer,101616.76,0.0,101616.76,0.0,0.0,100.0,0.0,Low Risk
INV50165,CUST1103,Customer_104,Mid-Market,South,Direct,Cloud Service,12.0,76824.2,0,0.0,165940.27,1087830.67,Partially Paid,Credit Card,831517.5,0.0,831517.5,256313.17,256313.16999999993,76.44,23.56,Medium Risk
INV50166,CUST1191,Customer_192,Enterprise,South,Direct,Cloud Service,7.0,35662.41,25,62409.22,33700.98,220928.63,Unpaid,Cheque,0.0,0.0,0.0,220928.63,220928.63,0.0,100.0,Critical Risk
INV50167,CUST1180,Customer_181,Smb,South,Online,Data Service,2.0,16885.48,0,0.0,6078.77,39849.73,Unpaid,Cheque,0.0,0.0,0.0,39849.73,39849.73,0.0,100.0,Critical Risk
INV50168,CUST1218,Customer_219,Mid-Market,West,Direct,Software Subscription,11.0,9508.68,10,10459.55,16944.47,111080.4,Unpaid,Debit Card,0.0,0.0,0.0,111080.4,111080.4,0.0,100.0,Critical Risk
INV50169,CUST1144,Customer_145,Smb,North,Online,Support Plan,11.0,22726.79,10,24999.47,40499.14,265494.36,Unpaid,Credit Card,0.0,0.0,0.0,265494.36,265494.36,0.0,100.0,Critical Risk
INV50170,CUST1088,Customer_89,Mid-Market,East,Partner,Data Service,1.0,42910.91,0,0.0,7723.96,50634.87,Overdue,Credit Card,0.0,0.0,0.0,50634.87,50634.87,0.0,100.0,Critical Risk
INV50171,CUST1228,Customer_229,Smb,East,Direct,Support Plan,7.0,5497.63,0,0.0,6927.01,45410.42,Partially Paid,Credit Card,27113.45,0.0,27113.45,18296.97,18296.969999999998,59.71,40.29,High Risk
INV50172,CUST1213,Customer_214,Smb,South,Direct,Software Subscription,5.0,26947.44,25,33684.3,18189.52,119242.42,Partially Paid,Debit Card,62801.07,0.0,62801.07,56441.35,56441.35,52.67,47.33,High Risk
INV50173,CUST1048,Customer_49,Enterprise,South,Direct,Software Subscription,1.0,16380.34,20,3276.07,2358.77,15463.04,Partially Paid,Bank Transfer,11778.86,0.0,0.0,3684.18,15463.04,0.0,100.0,Critical Risk
INV50174,CUST1153,Customer_154,Mid-Market,South,Direct,Software Subscription,4.0,31871.39,0,0.0,22947.4,150432.96,Paid,Credit Card,150432.96,0.0,150432.96,0.0,0.0,100.0,0.0,Low Risk
INV50175,CUST1081,Customer_82,Mid-Market,South,Partner,Cloud Service,4.0,23949.31,10,9579.72,15519.15,101736.67,Overdue,Upi,0.0,0.0,0.0,101736.67,101736.67,0.0,100.0,Critical Risk
INV50176,CUST1242,Customer_243,Mid-Market,West,Online,Consulting,11.0,87548.46,20,192606.61,138676.76,909103.21,Paid,Upi,909103.21,186354.04,722749.17,186354.04,186354.03999999992,79.5,20.5,Medium Risk
INV50177,CUST1076,Customer_77,Smb,South,Partner,Data Service,8.0,27496.97,10,21997.58,35636.07,233614.25,Unpaid,Bank Transfer,0.0,0.0,0.0,233614.25,233614.25,0.0,100.0,Critical Risk
INV50178,CUST1135,Customer_136,Smb,West,Partner,Consulting,5.0,113356.65,10,56678.32,91818.89,601923.82,Paid,Bank Transfer,0.0,0.0,601923.82,0.0,0.0,100.0,0.0,Low Risk
INV50179,CUST1096,Customer_97,Mid-Market,South,Partner,Data Service,1.0,14288.61,0,0.0,2571.95,16860.56,Paid,Credit Card,16860.56,0.0,16860.56,0.0,0.0,100.0,0.0,Low Risk
INV50180,CUST1054,Customer_55,Enterprise,South,Partner,Software Subscription,12.0,20619.45,25,61858.35,33403.51,218978.56,Overdue,Credit Card,0.0,0.0,0.0,218978.56,218978.56,0.0,100.0,Critical Risk
INV50181,CUST1119,Customer_120,Mid-Market,West,Direct,Cloud Service,5.0,19077.88,10,9538.94,15453.08,101303.54,Paid,Debit Card,101303.54,0.0,101303.54,0.0,0.0,100.0,0.0,Low Risk
INV50182,CUST1080,Customer_81,Smb,West,Partner,Data Service,4.0,56008.76,5,11201.75,38309.99,251143.28,Paid,Credit Card,251143.28,0.0,251143.28,0.0,0.0,100.0,0.0,Low Risk
INV50183,CUST1097,Customer_98,Mid-Market,West,Partner,Consulting,8.0,107120.63,15,128544.76,131115.65,859535.93,Paid,Credit Card,859535.93,0.0,859535.93,0.0,0.0,100.0,0.0,Low Risk
INV50184,CUST1184,Customer_185,Mid-Market,North,Online,Consulting,9.0,42083.87,0,0.0,68175.87,446930.7,Paid,Bank Transfer,446930.7,0.0,446930.7,0.0,0.0,100.0,0.0,Low Risk
INV50185,CUST1215,Customer_216,Mid-Market,East,Direct,Software Subscription,12.0,32419.41,5,19451.65,66524.63,436105.9,Paid,Cheque,436105.9,0.0,436105.9,0.0,0.0,100.0,0.0,Low Risk
INV50186,CUST1001,Customer_2,Mid-Market,East,Direct,Support Plan,1.0,29516.67,0,0.0,5313.0,34829.67,Paid,Cheque,34829.67,0.0,34829.67,0.0,0.0,100.0,0.0,Low Risk
INV50187,CUST1235,Customer_236,Smb,West,Direct,Consulting,4.0,73296.09,10,29318.44,47495.87,311361.79,Partially Paid,Upi,109428.39,0.0,109428.39,201933.4,201933.39999999997,35.15,64.85,Critical Risk
INV50188,CUST1062,Customer_63,Enterprise,North,Partner,Consulting,5.0,70613.31,0,0.0,63551.98,416618.53,Partially Paid,Debit Card,297853.71,0.0,297853.71,118764.82,118764.82,71.49,28.51,Medium Risk
INV50189,CUST1163,Customer_164,Smb,East,Online,Consulting,2.0,40394.49,25,20197.24,10906.51,71498.25,Unpaid,Bank Transfer,0.0,0.0,0.0,71498.25,71498.25,0.0,100.0,Critical Risk
INV50190,CUST1230,Customer_231,Enterprise,East,Online,Data Service,8.0,11934.45,10,9547.56,15467.05,101395.09,Paid,Cheque,101395.09,0.0,101395.09,0.0,0.0,100.0,0.0,Low Risk
INV50191,CUST1004,Customer_5,Enterprise,South,Online,Data Service,3.0,54552.44,20,32731.46,23566.65,154492.51,Overdue,Debit Card,0.0,0.0,0.0,154492.51,154492.51,0.0,100.0,Critical Risk
INV50192,CUST1202,Customer_203,Enterprise,North,Partner,Software Subscription,9.0,41315.47,15,55775.88,56891.4,372954.75,Paid,Cheque,372954.75,0.0,372954.75,0.0,0.0,100.0,0.0,Low Risk
INV50193,CUST1162,Customer_163,Smb,West,Direct,Support Plan,8.0,23993.04,10,19194.43,31094.98,203844.87,Paid,Cheque,203844.87,0.0,203844.87,0.0,0.0,100.0,0.0,Low Risk
INV50194,CUST1075,Customer_76,Mid-Market,South,Online,Software Subscription,2.0,20544.1,10,4108.82,6656.29,43635.67,Paid,Debit Card,43635.67,0.0,43635.67,0.0,0.0,100.0,0.0,Low Risk
INV50195,CUST1023,Customer_24,Smb,North,Direct,Cloud Service,8.0,37936.77,15,45524.12,46434.61,304404.65,Unpaid,Debit Card,0.0,0.0,0.0,304404.65,304404.65,0.0,100.0,Critical Risk
INV50196,CUST1006,Customer_7,Smb,North,Online,Data Service,2.0,45475.65,15,13642.69,13915.55,91224.16,Overdue,Cheque,0.0,0.0,0.0,91224.16,91224.16,0.0,100.0,Critical Risk
INV50197,CUST1097,Customer_98,Smb,West,Partner,Cloud Service,5.0,81768.82,10,40884.41,66232.74,434192.43,Paid,Debit Card,434192.43,0.0,434192.43,0.0,0.0,100.0,0.0,Low Risk
INV50198,CUST1092,Customer_93,Smb,East,Direct,Consulting,12.0,108144.07,25,324432.21,175193.39,1148490.02,Partially Paid,Debit Card,364449.11,0.0,364449.11,784040.91,784040.91,31.73,68.27,Critical Risk
INV50199,CUST1112,Customer_113,Smb,South,Partner,Data Service,3.0,48333.4,10,14500.02,23490.03,153990.21,Paid,Upi,153990.21,0.0,153990.21,0.0,0.0,100.0,0.0,Low Risk
INV50200,CUST1074,Customer_75,Mid-Market,West,Partner,Support Plan,10.0,24260.95,10,24260.95,39302.74,257651.29,Paid,Bank Transfer,257651.29,0.0,257651.29,0.0,0.0,100.0,0.0,Low Risk
INV50201,CUST1196,Customer_197,Mid-Market,North,Partner,Support Plan,12.0,7524.2,10,9029.04,14627.04,95888.4,Paid,Debit Card,95888.4,0.0,95888.4,0.0,0.0,100.0,0.0,Low Risk
INV50202,CUST1064,Customer_65,Mid-Market,West,Online,Support Plan,7.0,9848.86,0,0.0,12409.56,81351.58,Paid,Cheque,81351.58,0.0,81351.58,0.0,0.0,100.0,0.0,Low Risk
INV50203,CUST1179,Customer_180,Enterprise,East,Direct,Data Service,10.0,54623.37,0,0.0,98322.07,644555.77,Paid,Cheque,644555.77,0.0,644555.77,0.0,0.0,100.0,0.0,Low Risk
INV50204,CUST1247,Customer_248,Mid-Market,South,Partner,Software Subscription,1.0,30437.88,0,0.0,5478.82,35916.7,Paid,Upi,35916.7,0.0,35916.7,0.0,0.0,100.0,0.0,Low Risk
INV50205,CUST1150,Customer_151,Mid-Market,North,Direct,Consulting,6.0,15965.69,0,0.0,17242.95,113037.09,Paid,Credit Card,113037.09,0.0,113037.09,0.0,0.0,100.0,0.0,Low Risk
INV50206,CUST1116,Customer_117,Mid-Market,West,Partner,Data Service,8.0,12377.99,15,14853.59,15150.66,99320.99,Paid,Bank Transfer,99320.99,0.0,99320.99,0.0,0.0,100.0,0.0,Low Risk
INV50207,CUST1005,Customer_6,Enterprise,South,Online,Software Subscription,11.0,32549.57,5,17902.26,61225.74,401368.75,Overdue,Credit Card,0.0,0.0,0.0,401368.75,401368.75,0.0,100.0,Critical Risk
INV50208,CUST1059,Customer_60,Mid-Market,South,Partner,Consulting,3.0,15531.47,20,9318.88,6709.6,43985.13,Paid,Cheque,43985.13,0.0,43985.13,0.0,0.0,100.0,0.0,Low Risk
INV50209,CUST1180,Customer_181,Smb,South,Partner,Cloud Service,12.0,22864.64,0,0.0,49387.62,323763.3,Paid,Upi,323763.3,0.0,323763.3,0.0,0.0,100.0,0.0,Low Risk
INV50210,CUST1067,Customer_68,Mid-Market,East,Partner,Support Plan,9.0,21462.01,15,28973.71,29553.19,193737.57,Partially Paid,Debit Card,109807.56,0.0,109807.56,83930.01,83930.01000000001,56.68,43.32,High Risk
INV50211,CUST1151,Customer_152,Smb,East,Online,Consulting,6.0,87649.0,0,0.0,94660.92,620554.92,Paid,Credit Card,620554.92,0.0,620554.92,0.0,0.0,100.0,0.0,Low Risk
INV50212,CUST1035,Customer_36,Mid-Market,South,Online,Support Plan,3.0,24558.84,25,18419.13,9946.33,65203.72,Partially Paid,Credit Card,40169.39,0.0,40169.39,25034.33,25034.33,61.61,38.39,High Risk
INV50213,CUST1047,Customer_48,Smb,West,Direct,Support Plan,10.0,11728.08,0,0.0,21110.54,138391.34,Overdue,Credit Card,0.0,0.0,0.0,138391.34,138391.34,0.0,100.0,Critical Risk
INV50214,CUST1175,Customer_176,Mid-Market,East,Direct,Support Plan,8.0,26365.38,5,10546.15,36067.84,236444.73,Paid,Upi,236444.73,92798.76,143645.97,92798.76,92798.76000000001,60.75,39.25,High Risk
INV50215,CUST1199,Customer_200,Mid-Market,East,Online,Support Plan,9.0,12117.47,0,0.0,19630.3,128687.53,Paid,Bank Transfer,128687.53,0.0,128687.53,0.0,0.0,100.0,0.0,Low Risk
INV50216,CUST1026,Customer_27,Mid-Market,North,Partner,Consulting,5.0,49166.97,0,0.0,44250.27,290085.12,Paid,Bank Transfer,290085.12,0.0,290085.12,0.0,0.0,100.0,0.0,Low Risk
INV50217,CUST1176,Customer_177,Smb,South,Direct,Data Service,11.0,46564.04,20,102440.89,73757.44,483520.99,Paid,Bank Transfer,483520.99,0.0,483520.99,0.0,0.0,100.0,0.0,Low Risk
INV50218,CUST1137,Customer_138,Smb,North,Direct,Cloud Service,5.0,61970.63,10,30985.31,50196.21,329064.05,Overdue,Debit Card,0.0,0.0,0.0,329064.05,329064.05,0.0,100.0,Critical Risk
INV50219,CUST1032,Customer_33,Mid-Market,West,Partner,Consulting,4.0,104168.46,5,20833.69,71251.23,467091.38,Unpaid,Credit Card,0.0,0.0,0.0,467091.38,467091.38,0.0,100.0,Critical Risk
INV50220,CUST1115,Customer_116,Smb,West,Partner,Software Subscription,7.0,32331.68,10,22632.18,36664.12,240353.7,Partially Paid,Cheque,174590.62,0.0,174590.62,65763.08,65763.08000000002,72.64,27.36,Medium Risk
INV50221,CUST1162,Customer_163,Mid-Market,South,Partner,Cloud Service,2.0,55464.69,20,22185.88,15973.83,104717.33,Paid,Upi,104717.33,0.0,104717.33,0.0,0.0,100.0,0.0,Low Risk
INV50222,CUST1140,Customer_141,Mid-Market,North,Direct,Data Service,8.0,11964.76,15,14357.71,14644.87,96005.24,Overdue,Debit Card,0.0,0.0,0.0,96005.24,96005.24,0.0,100.0,Critical Risk
INV50223,CUST1112,Customer_113,Mid-Market,East,Direct,Support Plan,4.0,16031.47,5,3206.29,10965.53,71885.12,Overdue,Upi,0.0,0.0,0.0,71885.12,71885.12,0.0,100.0,Critical Risk
INV50224,CUST1170,Customer_171,Enterprise,West,Online,Consulting,1.0,42846.25,20,8569.25,6169.86,40446.86,Partially Paid,Bank Transfer,25707.74,0.0,25707.74,14739.12,14739.119999999999,63.56,36.44,High Risk
INV50225,CUST1122,Customer_123,Smb,North,Partner,Data Service,4.0,19931.45,25,19931.45,10762.98,70557.33,Paid,Credit Card,70557.33,0.0,70557.33,0.0,0.0,100.0,0.0,Low Risk
INV50226,CUST1098,Customer_99,Smb,West,Direct,Software Subscription,2.0,44001.39,15,13200.42,13464.42,88266.78,Paid,Credit Card,88266.78,0.0,88266.78,0.0,0.0,100.0,0.0,Low Risk
INV50227,CUST1166,Customer_167,Smb,West,Direct,Cloud Service,12.0,41447.82,10,49737.38,80574.56,528211.02,Partially Paid,Bank Transfer,153616.69,0.0,153616.69,374594.33,374594.33,29.08,70.92,Critical Risk
INV50228,CUST1150,Customer_151,Mid-Market,North,Direct,Cloud Service,7.0,81363.72,15,85431.91,87140.54,571254.67,Unpaid,Cheque,0.0,0.0,0.0,571254.67,571254.67,0.0,100.0,Critical Risk
INV50229,CUST1224,Customer_225,Smb,North,Direct,Data Service,10.0,40450.35,10,40450.35,65529.57,429582.72,Unpaid,Debit Card,0.0,0.0,0.0,429582.72,429582.72,0.0,100.0,Critical Risk
INV50230,CUST1127,Customer_128,Mid-Market,South,Partner,Software Subscription,9.0,37408.02,0,0.0,60600.99,397273.17,Overdue,Cheque,0.0,0.0,0.0,397273.17,397273.17,0.0,100.0,Critical Risk
INV50231,CUST1174,Customer_175,Smb,North,Partner,Support Plan,2.0,20079.11,0,0.0,7228.48,47386.7,Partially Paid,Cheque,9869.51,0.0,9869.51,37517.19,37517.189999999995,20.83,79.17,Critical Risk
INV50232,CUST1179,Customer_180,Smb,South,Direct,Data Service,9.0,37575.91,5,16909.16,57829.33,379103.36,Paid,Cheque,379103.36,0.0,379103.36,0.0,0.0,100.0,0.0,Low Risk
INV50233,CUST1162,Customer_163,Mid-Market,North,Direct,Software Subscription,5.0,26223.15,20,26223.15,18880.67,123773.27,Unpaid,Bank Transfer,0.0,0.0,0.0,123773.27,123773.27,0.0,100.0,Critical Risk
INV50234,CUST1156,Customer_157,Mid-Market,North,Direct,Cloud Service,11.0,25619.44,5,14090.69,48190.17,315913.32,Paid,Debit Card,315913.32,0.0,315913.32,0.0,0.0,100.0,0.0,Low Risk
INV50235,CUST1095,Customer_96,Smb,East,Online,Cloud Service,12.0,67796.17,0,0.0,146439.73,959993.77,Unpaid,Bank Transfer,0.0,0.0,0.0,959993.77,959993.77,0.0,100.0,Critical Risk
INV50236,CUST1116,Customer_117,Mid-Market,North,Online,Software Subscription,8.0,18388.58,5,7355.43,25155.58,164908.79,Paid,Bank Transfer,164908.79,0.0,164908.79,0.0,0.0,100.0,0.0,Low Risk
INV50237,CUST1219,Customer_220,Enterprise,South,Direct,Consulting,1.0,17553.18,25,4388.3,2369.68,15534.56,Paid,Cheque,15534.56,0.0,15534.56,0.0,0.0,100.0,0.0,Low Risk
INV50238,CUST1063,Customer_64,Smb,North,Direct,Cloud Service,5.0,61637.78,0,0.0,55474.0,363662.9,Paid,Credit Card,363662.9,0.0,363662.9,0.0,0.0,100.0,0.0,Low Risk
INV50239,CUST1224,Customer_225,Mid-Market,East,Direct,Cloud Service,5.0,24168.85,15,18126.64,18489.17,121206.78,Paid,Upi,121206.78,0.0,121206.78,0.0,0.0,100.0,0.0,Low Risk
INV50240,CUST1094,Customer_95,Mid-Market,North,Direct,Support Plan,4.0,33213.76,10,13285.5,21522.52,141092.06,Paid,Cheque,141092.06,0.0,141092.06,0.0,0.0,100.0,0.0,Low Risk
INV50241,CUST1000,Customer_1,Mid-Market,South,Partner,Support Plan,12.0,33617.86,10,40341.43,65353.12,428426.01,Paid,Debit Card,428426.01,0.0,428426.01,0.0,0.0,100.0,0.0,Low Risk
INV50242,CUST1023,Customer_24,Smb,North,Online,Consulting,9.0,111060.76,20,199909.37,143934.74,943572.21,Unpaid,Bank Transfer,0.0,0.0,0.0,943572.21,943572.21,0.0,100.0,Critical Risk
INV50243,CUST1151,Customer_152,Mid-Market,East,Partner,Support Plan,11.0,16104.76,5,8857.62,30293.05,198587.79,Paid,Upi,198587.79,0.0,198587.79,0.0,0.0,100.0,0.0,Low Risk
INV50244,CUST1059,Customer_60,Smb,West,Partner,Consulting,3.0,16622.94,0,0.0,8976.39,58845.21,Paid,Debit Card,58845.21,0.0,58845.21,0.0,0.0,100.0,0.0,Low Risk
INV50245,CUST1115,Customer_116,Smb,North,Direct,Cloud Service,2.0,84265.49,0,0.0,30335.58,198866.56,Paid,Upi,198866.56,0.0,198866.56,0.0,0.0,100.0,0.0,Low Risk
INV50246,CUST1247,Customer_248,Smb,North,Partner,Data Service,1.0,29693.76,10,2969.38,4810.39,31534.77,Paid,Debit Card,31534.77,0.0,31534.77,0.0,0.0,100.0,0.0,Low Risk
INV50247,CUST1026,Customer_27,Enterprise,South,Direct,Consulting,2.0,116498.76,0,0.0,41939.55,274937.07,Paid,Credit Card,274937.07,0.0,274937.07,0.0,0.0,100.0,0.0,Low Risk
INV50248,CUST1161,Customer_162,Enterprise,North,Direct,Software Subscription,10.0,43653.94,10,43653.94,70719.38,463604.84,Overdue,Debit Card,0.0,0.0,0.0,463604.84,463604.84,0.0,100.0,Critical Risk
INV50249,CUST1031,Customer_32,Smb,West,Partner,Support Plan,1.0,30590.28,5,1529.51,5230.94,34291.71,Overdue,Bank Transfer,0.0,0.0,0.0,34291.71,34291.71,0.0,100.0,Critical Risk
INV50250,CUST1090,Customer_91,Smb,South,Online,Consulting,5.0,45917.13,10,22958.56,37192.88,243819.97,Paid,Upi,243819.97,0.0,243819.97,0.0,0.0,100.0,0.0,Low Risk
INV50251,CUST1122,Customer_123,Smb,South,Online,Cloud Service,7.0,40807.82,5,14282.74,48846.96,320218.96,Paid,Cheque,320218.96,0.0,320218.96,0.0,0.0,100.0,0.0,Low Risk
INV50252,CUST1122,Customer_123,Mid-Market,East,Online,Support Plan,6.0,30534.1,15,27480.69,28030.3,183754.21,Paid,Credit Card,183754.21,0.0,183754.21,0.0,0.0,100.0,0.0,Low Risk
INV50253,CUST1207,Customer_208,Enterprise,South,Partner,Data Service,6.0,23796.87,10,14278.12,23130.56,151633.66,Overdue,Cheque,0.0,0.0,0.0,151633.66,151633.66,0.0,100.0,Critical Risk
INV50254,CUST1216,Customer_217,Enterprise,East,Online,Support Plan,6.0,10084.78,5,3025.43,10346.98,67830.23,Paid,Bank Transfer,67830.23,0.0,67830.23,0.0,0.0,100.0,0.0,Low Risk
INV50255,CUST1242,Customer_243,Smb,South,Direct,Support Plan,9.0,21704.04,10,19533.64,31644.49,207447.21,Paid,Cheque,207447.21,15615.71,191831.5,15615.71,15615.709999999992,92.47,7.53,Low Risk
INV50256,CUST1234,Customer_235,Mid-Market,East,Direct,Consulting,6.0,113296.25,5,33988.88,116241.95,762030.57,Overdue,Bank Transfer,0.0,0.0,0.0,762030.57,762030.57,0.0,100.0,Critical Risk
INV50257,CUST1216,Customer_217,Mid-Market,North,Partner,Cloud Service,2.0,65682.38,15,19704.71,20098.81,131758.86,Unpaid,Upi,0.0,0.0,0.0,131758.86,131758.86,0.0,100.0,Critical Risk
INV50258,CUST1187,Customer_188,Enterprise,East,Direct,Support Plan,11.0,22101.84,15,36468.04,37197.4,243849.6,Paid,Cheque,243849.6,0.0,243849.6,0.0,0.0,100.0,0.0,Low Risk
INV50259,CUST1187,Customer_188,Mid-Market,West,Online,Consulting,3.0,25203.53,0,0.0,13609.91,89220.5,Overdue,Bank Transfer,0.0,0.0,0.0,89220.5,89220.5,0.0,100.0,Critical Risk
INV50260,CUST1056,Customer_57,Mid-Market,East,Partner,Software Subscription,8.0,30755.27,5,12302.11,42073.21,275813.26,Paid,Credit Card,275813.26,0.0,275813.26,0.0,0.0,100.0,0.0,Low Risk
INV50261,CUST1002,Customer_3,Smb,North,Direct,Consulting,12.0,118955.65,0,0.0,256944.2,1684412.0,Paid,Debit Card,1684412.0,0.0,1684412.0,0.0,0.0,100.0,0.0,Low Risk
INV50262,CUST1226,Customer_227,Smb,South,Direct,Support Plan,6.0,9202.52,20,11043.02,7950.98,52123.08,Paid,Debit Card,52123.08,0.0,52123.08,0.0,0.0,100.0,0.0,Low Risk
INV50263,CUST1005,Customer_6,Smb,North,Online,Software Subscription,2.0,27178.2,15,8153.46,8316.53,54519.47,Paid,Bank Transfer,54519.47,0.0,54519.47,0.0,0.0,100.0,0.0,Low Risk
INV50264,CUST1110,Customer_111,Enterprise,South,Direct,Consulting,10.0,107124.17,20,214248.34,154258.8,1011252.16,Paid,Debit Card,1011252.16,0.0,1011252.16,0.0,0.0,100.0,0.0,Low Risk
INV50265,CUST1060,Customer_61,Smb,West,Direct,Support Plan,10.0,27223.06,25,68057.65,36751.13,240924.08,Paid,Upi,240924.08,0.0,240924.08,0.0,0.0,100.0,0.0,Low Risk
INV50266,CUST1006,Customer_7,Smb,West,Partner,Cloud Service,2.0,65761.26,25,32880.63,17755.54,116397.43,Unpaid,Debit Card,0.0,0.0,0.0,116397.43,116397.43,0.0,100.0,Critical Risk
INV50267,CUST1139,Customer_140,Smb,East,Direct,Cloud Service,7.0,66198.73,15,69508.67,70898.84,464781.28,Paid,Upi,464781.28,115211.47,349569.81,115211.47,115211.47000000003,75.21,24.79,Medium Risk
INV50268,CUST1024,Customer_25,Smb,North,Partner,Cloud Service,9.0,38759.29,20,69766.72,50232.04,329298.93,Overdue,Cheque,0.0,0.0,0.0,329298.93,329298.93,0.0,100.0,Critical Risk
INV50269,CUST1225,Customer_226,Smb,South,Direct,Cloud Service,2.0,33487.35,20,13394.94,9644.36,63224.12,Overdue,Debit Card,0.0,0.0,0.0,63224.12,63224.12,0.0,100.0,Critical Risk
INV50270,CUST1206,Customer_207,Smb,South,Online,Software Subscription,7.0,37946.36,0,0.0,47812.41,313436.93,Overdue,Upi,0.0,0.0,0.0,313436.93,313436.93,0.0,100.0,Critical Risk
INV50271,CUST1099,Customer_100,Mid-Market,North,Online,Data Service,6.0,49936.01,10,29961.61,48537.8,318192.25,Paid,Cheque,318192.25,0.0,318192.25,0.0,0.0,100.0,0.0,Low Risk
INV50272,CUST1038,Customer_39,Smb,North,Partner,Data Service,10.0,52954.83,0,0.0,95318.69,624866.99,Overdue,Cheque,0.0,0.0,0.0,624866.99,624866.99,0.0,100.0,Critical Risk
INV50273,CUST1098,Customer_99,Mid-Market,South,Online,Data Service,10.0,55401.75,25,138504.38,74792.36,490305.48,Paid,Cheque,490305.48,0.0,490305.48,0.0,0.0,100.0,0.0,Low Risk
INV50274,CUST1227,Customer_228,Enterprise,North,Partner,Consulting,1.0,68690.95,25,17172.74,9273.28,60791.49,Overdue,Upi,0.0,0.0,0.0,60791.49,60791.49,0.0,100.0,Critical Risk
INV50275,CUST1219,Customer_220,Mid-Market,East,Partner,Software Subscription,4.0,26556.1,5,5311.22,18164.37,119077.55,Paid,Debit Card,119077.55,0.0,119077.55,0.0,0.0,100.0,0.0,Low Risk
INV50276,CUST1054,Customer_55,Enterprise,North,Online,Support Plan,12.0,28948.86,25,86846.58,46897.15,307436.89,Unpaid,Credit Card,0.0,0.0,0.0,307436.89,307436.89,0.0,100.0,Critical Risk
INV50277,CUST1103,Customer_104,Smb,South,Direct,Data Service,10.0,41448.09,0,0.0,74606.56,489087.46,Paid,Credit Card,489087.46,0.0,489087.46,0.0,0.0,100.0,0.0,Low Risk
INV50278,CUST1235,Customer_236,Smb,North,Online,Consulting,5.0,88706.52,15,66529.89,67860.49,444863.2,Unpaid,Bank Transfer,0.0,0.0,0.0,444863.2,444863.2,0.0,100.0,Critical Risk
INV50279,CUST1152,Customer_153,Smb,East,Online,Support Plan,10.0,28873.78,15,43310.67,44176.88,289604.01,Paid,Bank Transfer,289604.01,0.0,289604.01,0.0,0.0,100.0,0.0,Low Risk
INV50280,CUST1012,Customer_13,Smb,West,Online,Data Service,4.0,54170.28,10,21668.11,35102.34,230115.35,Partially Paid,Bank Transfer,139591.92,0.0,139591.92,90523.43,90523.43,60.66,39.34,High Risk
INV50281,CUST1165,Customer_166,Smb,East,Partner,Software Subscription,4.0,20505.82,10,8202.33,13287.77,87108.72,Partially Paid,Debit Card,66708.12,0.0,66708.12,20400.6,20400.600000000006,76.58,23.42,Medium Risk
INV50282,CUST1055,Customer_56,Mid-Market,East,Online,Data Service,10.0,26905.9,20,53811.8,38744.5,253991.7,Partially Paid,Cheque,51918.07,0.0,51918.07,202073.63,202073.63,20.44,79.56,Critical Risk
INV50283,CUST1027,Customer_28,Mid-Market,East,Direct,Cloud Service,5.0,17518.56,15,13138.92,13401.7,87855.58,Overdue,Credit Card,0.0,0.0,0.0,87855.58,87855.58,0.0,100.0,Critical Risk
INV50284,CUST1103,Customer_104,Mid-Market,West,Partner,Consulting,12.0,75719.41,0,0.0,163553.93,1072186.85,Partially Paid,Debit Card,856121.32,0.0,856121.32,216065.53,216065.53000000014,79.85,20.15,Medium Risk
INV50285,CUST1185,Customer_186,Mid-Market,East,Direct,Data Service,11.0,8904.94,25,24488.58,13223.84,86689.6,Overdue,Cheque,0.0,0.0,0.0,86689.6,86689.6,0.0,100.0,Critical Risk
INV50286,CUST1120,Customer_121,Smb,North,Direct,Cloud Service,12.0,47247.84,5,28348.7,96952.57,635577.95,Overdue,Upi,0.0,0.0,0.0,635577.95,635577.95,0.0,100.0,Critical Risk
INV50287,CUST1201,Customer_202,Enterprise,North,Online,Cloud Service,5.0,53411.57,10,26705.78,43263.37,283615.44,Paid,Cheque,283615.44,0.0,283615.44,0.0,0.0,100.0,0.0,Low Risk
INV50288,CUST1128,Customer_129,Smb,South,Direct,Support Plan,9.0,13596.24,10,12236.62,19823.32,129952.86,Paid,Credit Card,129952.86,0.0,129952.86,0.0,0.0,100.0,0.0,Low Risk
INV50289,CUST1228,Customer_229,Enterprise,North,Partner,Support Plan,3.0,22725.0,15,10226.25,10430.77,68379.52,Overdue,Upi,0.0,0.0,0.0,68379.52,68379.52,0.0,100.0,Critical Risk
INV50290,CUST1014,Customer_15,Smb,North,Direct,Cloud Service,4.0,12440.02,5,2488.0,8508.97,55781.05,Paid,Cheque,55781.05,0.0,55781.05,0.0,0.0,100.0,0.0,Low Risk
INV50291,CUST1109,Customer_110,Enterprise,North,Partner,Support Plan,1.0,6120.45,0,0.0,1101.68,7222.13,Paid,Cheque,7222.13,0.0,7222.13,0.0,0.0,100.0,0.0,Low Risk
INV50292,CUST1001,Customer_2,Mid-Market,East,Direct,Consulting,4.0,101373.06,15,60823.84,62040.31,406708.71,Paid,Bank Transfer,406708.71,0.0,406708.71,0.0,0.0,100.0,0.0,Low Risk
INV50293,CUST1116,Customer_117,Mid-Market,South,Partner,Data Service,9.0,26090.1,15,35221.64,35926.07,235515.33,Paid,Debit Card,235515.33,0.0,235515.33,0.0,0.0,100.0,0.0,Low Risk
INV50294,CUST1242,Customer_243,Enterprise,South,Online,Support Plan,1.0,8811.82,10,881.18,1427.52,9358.16,Paid,Bank Transfer,9358.16,0.0,9358.16,0.0,0.0,100.0,0.0,Low Risk
INV50295,CUST1182,Customer_183,Mid-Market,North,Online,Software Subscription,7.0,27323.0,10,19126.1,30984.28,203119.18,Unpaid,Bank Transfer,0.0,0.0,0.0,203119.18,203119.18,0.0,100.0,Critical Risk
INV50296,CUST1106,Customer_107,Smb,North,Partner,Software Subscription,9.0,36489.76,10,32840.78,53202.07,348769.13,Paid,Debit Card,348769.13,0.0,348769.13,0.0,0.0,100.0,0.0,Low Risk
INV50297,CUST1155,Customer_156,Mid-Market,West,Direct,Support Plan,2.0,11474.63,0,0.0,4130.87,27080.13,Paid,Cheque,27080.13,0.0,27080.13,0.0,0.0,100.0,0.0,Low Risk
INV50298,CUST1249,Customer_250,Smb,South,Online,Support Plan,5.0,23686.71,5,5921.68,20252.14,132764.01,Paid,Debit Card,132764.01,0.0,132764.01,0.0,0.0,100.0,0.0,Low Risk
INV50299,CUST1003,Customer_4,Mid-Market,North,Online,Software Subscription,10.0,11157.86,25,27894.65,15063.11,98747.06,Paid,Bank Transfer,98747.06,0.0,98747.06,0.0,0.0,100.0,0.0,Low Risk
INV50300,CUST1075,Customer_76,Smb,East,Online,Software Subscription,2.0,9912.22,5,991.22,3389.98,22223.2,Overdue,Upi,0.0,0.0,0.0,22223.2,22223.2,0.0,100.0,Critical Risk
INV50301,CUST1217,Customer_218,Mid-Market,West,Online,Software Subscription,1.0,27660.12,5,1383.01,4729.88,31006.99,Partially Paid,Upi,9373.64,0.0,9373.64,21633.35,21633.350000000002,30.23,69.77,Critical Risk
INV50302,CUST1046,Customer_47,Smb,West,Partner,Support Plan,8.0,21219.05,10,16975.24,27499.89,180277.05,Unpaid,Credit Card,0.0,0.0,0.0,180277.05,180277.05,0.0,100.0,Critical Risk
INV50303,CUST1241,Customer_242,Enterprise,South,Online,Software Subscription,7.0,31584.91,25,55273.59,29847.74,195668.52,Unpaid,Debit Card,0.0,0.0,0.0,195668.52,195668.52,0.0,100.0,Critical Risk
INV50304,CUST1225,Customer_226,Enterprise,North,Direct,Consulting,8.0,91239.59,25,182479.18,98538.76,645976.3,Paid,Upi,645976.3,0.0,645976.3,0.0,0.0,100.0,0.0,Low Risk
INV50305,CUST1134,Customer_135,Mid-Market,East,Online,Data Service,12.0,58720.16,10,70464.19,114151.99,748329.72,Overdue,Cheque,0.0,0.0,0.0,748329.72,748329.72,0.0,100.0,Critical Risk
INV50306,CUST1186,Customer_187,Smb,North,Direct,Cloud Service,11.0,51304.03,20,112868.87,81265.58,532741.04,Paid,Credit Card,532741.04,0.0,532741.04,0.0,0.0,100.0,0.0,Low Risk
INV50307,CUST1019,Customer_20,Mid-Market,West,Partner,Cloud Service,4.0,35836.52,15,21501.91,21931.95,143776.12,Overdue,Credit Card,0.0,0.0,0.0,143776.12,143776.12,0.0,100.0,Critical Risk
INV50308,CUST1205,Customer_206,Mid-Market,North,Direct,Software Subscription,8.0,37421.89,25,74843.78,40415.64,264946.98,Paid,Debit Card,264946.98,0.0,264946.98,0.0,0.0,100.0,0.0,Low Risk
INV50309,CUST1140,Customer_141,Smb,West,Partner,Software Subscription,10.0,18020.79,10,18020.79,29193.68,191380.79,Overdue,Upi,0.0,0.0,0.0,191380.79,191380.79,0.0,100.0,Critical Risk
INV50310,CUST1084,Customer_85,Mid-Market,West,Direct,Data Service,10.0,30265.49,25,75663.73,40858.41,267849.58,Unpaid,Bank Transfer,0.0,0.0,0.0,267849.58,267849.58,0.0,100.0,Critical Risk
INV50311,CUST1090,Customer_91,Enterprise,South,Online,Cloud Service,9.0,16276.51,15,21973.29,22412.75,146928.05,Unpaid,Debit Card,0.0,0.0,0.0,146928.05,146928.05,0.0,100.0,Critical Risk
INV50312,CUST1050,Customer_51,Smb,East,Direct,Support Plan,4.0,5760.52,25,5760.52,3110.68,20392.24,Unpaid,Debit Card,0.0,0.0,0.0,20392.24,20392.24,0.0,100.0,Critical Risk
INV50313,CUST1117,Customer_118,Mid-Market,West,Online,Data Service,3.0,58020.37,25,43515.28,23498.25,154044.08,Paid,Debit Card,154044.08,0.0,154044.08,0.0,0.0,100.0,0.0,Low Risk
INV50314,CUST1026,Customer_27,Smb,South,Partner,Data Service,10.0,51306.95,15,76960.43,78499.63,514608.7,Paid,Debit Card,514608.7,0.0,514608.7,0.0,0.0,100.0,0.0,Low Risk
INV50315,CUST1206,Customer_207,Smb,East,Online,Support Plan,10.0,25879.23,10,25879.23,41924.35,274837.42,Unpaid,Cheque,0.0,0.0,0.0,274837.42,274837.42,0.0,100.0,Critical Risk
INV50316,CUST1159,Customer_160,Mid-Market,South,Online,Cloud Service,11.0,42716.24,5,23493.93,80349.25,526733.96,Overdue,Cheque,0.0,0.0,0.0,526733.96,526733.96,0.0,100.0,Critical Risk
INV50317,CUST1143,Customer_144,Mid-Market,West,Direct,Data Service,11.0,16184.6,20,35606.12,25636.41,168060.89,Partially Paid,Cheque,123746.53,0.0,123746.53,44314.36,44314.360000000015,73.63,26.37,Medium Risk
INV50318,CUST1037,Customer_38,Smb,East,Online,Software Subscription,4.0,13788.17,10,5515.27,8934.73,58572.14,Unpaid,Upi,0.0,0.0,0.0,58572.14,58572.14,0.0,100.0,Critical Risk
INV50319,CUST1052,Customer_53,Mid-Market,South,Online,Software Subscription,6.0,17258.99,25,25888.49,13979.78,91645.23,Paid,Cheque,91645.23,0.0,91645.23,0.0,0.0,100.0,0.0,Low Risk
INV50320,CUST1200,Customer_201,Mid-Market,East,Online,Cloud Service,12.0,53938.13,0,0.0,116506.36,763763.92,Overdue,Bank Transfer,0.0,0.0,0.0,763763.92,763763.92,0.0,100.0,Critical Risk
INV50321,CUST1158,Customer_159,Enterprise,South,Online,Support Plan,4.0,26437.88,15,15862.73,16179.98,106068.77,Unpaid,Credit Card,0.0,0.0,0.0,106068.77,106068.77,0.0,100.0,Critical Risk
INV50322,CUST1174,Customer_175,Smb,East,Direct,Consulting,12.0,84320.72,0,0.0,182132.76,1193981.4,Paid,Credit Card,1193981.4,0.0,1193981.4,0.0,0.0,100.0,0.0,Low Risk
INV50323,CUST1119,Customer_120,Mid-Market,East,Partner,Consulting,1.0,44393.06,5,2219.65,7591.21,49764.62,Overdue,Cheque,0.0,0.0,0.0,49764.62,49764.62,0.0,100.0,Critical Risk
INV50324,CUST1134,Customer_135,Smb,West,Direct,Consulting,9.0,115260.85,0,0.0,186722.58,1224070.23,Unpaid,Upi,0.0,0.0,0.0,1224070.23,1224070.23,0.0,100.0,Critical Risk
INV50325,CUST1084,Customer_85,Smb,North,Direct,Cloud Service,4.0,69031.75,25,69031.75,37277.14,244372.39,Overdue,Upi,0.0,0.0,0.0,244372.39,244372.39,0.0,100.0,Critical Risk
INV50326,CUST1157,Customer_158,Enterprise,North,Partner,Consulting,1.0,73207.18,15,10981.08,11200.7,73426.8,Paid,Upi,73426.8,0.0,73426.8,0.0,0.0,100.0,0.0,Low Risk
INV50327,CUST1210,Customer_211,Mid-Market,South,Partner,Data Service,6.0,39421.2,25,88697.7,47896.76,313989.86,Paid,Cheque,313989.86,0.0,313989.86,0.0,0.0,100.0,0.0,Low Risk
INV50328,CUST1248,Customer_249,Enterprise,South,Online,Data Service,9.0,29238.8,0,0.0,47366.86,310516.06,Partially Paid,Debit Card,101373.83,0.0,101373.83,209142.23,209142.22999999998,32.65,67.35,Critical Risk
INV50329,CUST1212,Customer_213,Mid-Market,West,Online,Support Plan,11.0,12431.93,0,0.0,24615.22,161366.45,Unpaid,Upi,0.0,0.0,0.0,161366.45,161366.45,0.0,100.0,Critical Risk
INV50330,CUST1013,Customer_14,Smb,East,Partner,Cloud Service,9.0,38477.81,0,0.0,62334.05,408634.34,Paid,Debit Card,408634.34,0.0,408634.34,0.0,0.0,100.0,0.0,Low Risk
INV50331,CUST1080,Customer_81,Smb,North,Online,Software Subscription,9.0,36040.31,0,0.0,58385.3,382748.09,Partially Paid,Bank Transfer,218552.84,0.0,218552.84,164195.25,164195.25000000003,57.1,42.9,High Risk
INV50332,CUST1201,Customer_202,Mid-Market,West,Online,Data Service,2.0,7762.85,10,1552.57,2515.16,16488.29,Unpaid,Bank Transfer,0.0,0.0,0.0,16488.29,16488.29,0.0,100.0,Critical Risk
INV50333,CUST1056,Customer_57,Smb,East,Direct,Support Plan,9.0,8482.18,10,7633.96,12367.02,81072.68,Overdue,Cheque,0.0,0.0,0.0,81072.68,81072.68,0.0,100.0,Critical Risk
INV50334,CUST1001,Customer_2,Mid-Market,East,Direct,Support Plan,9.0,6380.08,0,0.0,10335.73,67756.45,Paid,Debit Card,67756.45,0.0,67756.45,0.0,0.0,100.0,0.0,Low Risk
INV50335,CUST1056,Customer_57,Mid-Market,North,Online,Cloud Service,4.0,13258.3,0,0.0,9545.98,62579.18,Paid,Debit Card,62579.18,0.0,62579.18,0.0,0.0,100.0,0.0,Low Risk
INV50336,CUST1017,Customer_18,Smb,South,Direct,Consulting,12.0,104823.36,25,314470.08,169813.84,1113224.08,Overdue,Upi,0.0,0.0,0.0,1113224.08,1113224.08,0.0,100.0,Critical Risk
INV50337,CUST1124,Customer_125,Mid-Market,East,Partner,Data Service,11.0,44293.87,10,48723.26,78931.68,517440.99,Partially Paid,Credit Card,150801.44,0.0,150801.44,366639.55,366639.55,29.14,70.86,Critical Risk
INV50338,CUST1201,Customer_202,Smb,West,Partner,Support Plan,5.0,19225.21,15,14418.91,14707.29,96414.43,Paid,Debit Card,96414.43,0.0,96414.43,0.0,0.0,100.0,0.0,Low Risk
INV50339,CUST1141,Customer_142,Smb,South,Partner,Data Service,2.0,12185.21,10,2437.04,3948.01,25881.39,Overdue,Bank Transfer,0.0,0.0,0.0,25881.39,25881.39,0.0,100.0,Critical Risk
INV50340,CUST1161,Customer_162,Smb,North,Online,Data Service,10.0,33055.64,20,66111.28,47600.12,312045.24,Unpaid,Upi,0.0,0.0,0.0,312045.24,312045.24,0.0,100.0,Critical Risk
INV50341,CUST1100,Customer_101,Smb,North,Partner,Data Service,12.0,32094.0,10,38512.8,62390.74,409005.94,Paid,Upi,409005.94,0.0,409005.94,0.0,0.0,100.0,0.0,Low Risk
INV50342,CUST1175,Customer_176,Smb,South,Online,Data Service,3.0,16179.7,25,12134.77,6552.78,42957.11,Paid,Debit Card,42957.11,0.0,42957.11,0.0,0.0,100.0,0.0,Low Risk
INV50343,CUST1194,Customer_195,Mid-Market,East,Partner,Software Subscription,5.0,24052.51,15,18039.38,18400.17,120623.34,Paid,Debit Card,120623.34,0.0,120623.34,0.0,0.0,100.0,0.0,Low Risk
INV50344,CUST1166,Customer_167,Smb,South,Partner,Data Service,11.0,28120.75,10,30932.83,50111.18,328506.6,Unpaid,Debit Card,0.0,0.0,0.0,328506.6,328506.6,0.0,100.0,Critical Risk
INV50345,CUST1064,Customer_65,Smb,West,Partner,Consulting,9.0,79664.26,20,143395.67,103244.88,676827.55,Paid,Cheque,676827.55,0.0,676827.55,0.0,0.0,100.0,0.0,Low Risk
INV50346,CUST1042,Customer_43,Smb,East,Online,Data Service,11.0,40659.96,10,44725.96,72456.05,474989.65,Paid,Bank Transfer,474989.65,0.0,474989.65,0.0,0.0,100.0,0.0,Low Risk
INV50347,CUST1184,Customer_185,Smb,South,Direct,Support Plan,8.0,6359.12,10,5087.3,8241.42,54027.08,Partially Paid,Credit Card,31787.13,0.0,31787.13,22239.95,22239.95,58.84,41.16,High Risk
INV50348,CUST1131,Customer_132,Smb,West,Online,Data Service,3.0,26854.47,0,0.0,14501.41,95064.82,Paid,Cheque,95064.82,0.0,95064.82,0.0,0.0,100.0,0.0,Low Risk
INV50349,CUST1055,Customer_56,Smb,South,Online,Support Plan,8.0,23775.8,5,9510.32,32525.29,213221.37,Paid,Credit Card,213221.37,0.0,213221.37,0.0,0.0,100.0,0.0,Low Risk
INV50350,CUST1087,Customer_88,Enterprise,North,Direct,Data Service,10.0,33666.22,0,0.0,60599.2,397261.4,Paid,Credit Card,397261.4,0.0,397261.4,0.0,0.0,100.0,0.0,Low Risk
INV50351,CUST1024,Customer_25,Smb,North,Direct,Data Service,10.0,52393.96,0,0.0,94309.13,618248.73,Overdue,Debit Card,0.0,0.0,0.0,618248.73,618248.73,0.0,100.0,Critical Risk
INV50352,CUST1166,Customer_167,Smb,West,Partner,Support Plan,6.0,24760.81,0,0.0,26741.67,175306.53,Partially Paid,Upi,80180.61,0.0,80180.61,95125.92,95125.92,45.74,54.26,Critical Risk
INV50353,CUST1065,Customer_66,Mid-Market,North,Online,Consulting,2.0,32108.11,10,6421.62,10403.03,68197.63,Partially Paid,Bank Transfer,35888.23,0.0,35888.23,32309.4,32309.4,52.62,47.38,High Risk
INV50354,CUST1167,Customer_168,Smb,East,Partner,Cloud Service,7.0,15645.5,15,16427.78,16756.33,109847.05,Paid,Cheque,109847.05,0.0,109847.05,0.0,0.0,100.0,0.0,Low Risk
INV50355,CUST1070,Customer_71,Enterprise,South,Partner,Support Plan,4.0,24272.58,20,19418.06,13981.01,91653.27,Paid,Cheque,91653.27,0.0,91653.27,0.0,0.0,100.0,0.0,Low Risk
INV50356,CUST1147,Customer_148,Smb,South,Partner,Support Plan,12.0,5795.34,5,3477.2,11892.04,77958.92,Overdue,Credit Card,0.0,0.0,0.0,77958.92,77958.92,0.0,100.0,Critical Risk
INV50357,CUST1102,Customer_103,Mid-Market,North,Direct,Data Service,10.0,38046.11,0,0.0,68483.0,448944.1,Paid,Credit Card,448944.1,0.0,448944.1,0.0,0.0,100.0,0.0,Low Risk
INV50358,CUST1016,Customer_17,Smb,West,Online,Cloud Service,2.0,85218.42,0,0.0,30678.63,201115.47,Unpaid,Cheque,0.0,0.0,0.0,201115.47,201115.47,0.0,100.0,Critical Risk
INV50359,CUST1163,Customer_164,Mid-Market,South,Online,Software Subscription,4.0,29292.54,10,11717.02,18981.57,124434.71,Paid,Credit Card,124434.71,0.0,124434.71,0.0,0.0,100.0,0.0,Low Risk
INV50360,CUST1167,Customer_168,Smb,West,Partner,Consulting,2.0,55757.84,10,11151.57,18065.54,118429.65,Unpaid,Cheque,0.0,0.0,0.0,118429.65,118429.65,0.0,100.0,Critical Risk
INV50361,CUST1235,Customer_236,Smb,South,Online,Cloud Service,12.0,61463.06,15,110633.51,112846.18,739769.39,Paid,Credit Card,739769.39,0.0,739769.39,0.0,0.0,100.0,0.0,Low Risk
INV50362,CUST1001,Customer_2,Smb,East,Direct,Support Plan,9.0,18747.59,0,0.0,30371.1,199099.41,Paid,Cheque,199099.41,0.0,199099.41,0.0,0.0,100.0,0.0,Low Risk
INV50363,CUST1247,Customer_248,Smb,West,Online,Support Plan,4.0,21368.5,15,12821.1,13077.52,85730.42,Overdue,Bank Transfer,0.0,0.0,0.0,85730.42,85730.42,0.0,100.0,Critical Risk
INV50364,CUST1017,Customer_18,Smb,East,Online,Consulting,11.0,113853.8,10,125239.18,202887.47,1330040.09,Unpaid,Cheque,0.0,0.0,0.0,1330040.09,1330040.09,0.0,100.0,Critical Risk
INV50365,CUST1073,Customer_74,Smb,East,Direct,Cloud Service,2.0,40888.21,5,4088.82,13983.77,91671.37,Paid,Credit Card,91671.37,0.0,91671.37,0.0,0.0,100.0,0.0,Low Risk
INV50366,CUST1188,Customer_189,Smb,East,Direct,Cloud Service,4.0,86895.25,10,34758.1,56308.12,369131.02,Paid,Bank Transfer,369131.02,0.0,369131.02,0.0,0.0,100.0,0.0,Low Risk
INV50367,CUST1244,Customer_245,Mid-Market,East,Partner,Data Service,1.0,54983.58,0,0.0,9897.04,64880.62,Unpaid,Cheque,0.0,0.0,0.0,64880.62,64880.62,0.0,100.0,Critical Risk
INV50368,CUST1195,Customer_196,Enterprise,West,Partner,Cloud Service,7.0,25663.29,10,17964.3,29102.17,190780.9,Unpaid,Cheque,0.0,0.0,0.0,190780.9,190780.9,0.0,100.0,Critical Risk
INV50369,CUST1220,Customer_221,Mid-Market,North,Online,Consulting,8.0,22282.94,0,0.0,32087.43,210350.95,Partially Paid,Credit Card,100135.96,0.0,100135.96,110214.99,110214.99,47.6,52.4,Critical Risk
INV50370,CUST1092,Customer_93,Mid-Market,East,Partner,Cloud Service,3.0,18062.24,10,5418.67,8778.25,57546.3,Paid,Credit Card,57546.3,0.0,57546.3,0.0,0.0,100.0,0.0,Low Risk
INV50371,CUST1107,Customer_108,Mid-Market,South,Online,Cloud Service,6.0,11457.75,20,13749.3,9899.5,64896.7,Paid,Credit Card,64896.7,0.0,64896.7,0.0,0.0,100.0,0.0,Low Risk
INV50372,CUST1142,Customer_143,Smb,West,Direct,Support Plan,4.0,7833.29,5,1566.66,5357.97,35124.47,Unpaid,Credit Card,0.0,0.0,0.0,35124.47,35124.47,0.0,100.0,Critical Risk
INV50373,CUST1228,Customer_229,Enterprise,North,Partner,Data Service,9.0,43199.36,15,58319.14,59485.52,389960.62,Unpaid,Bank Transfer,0.0,0.0,0.0,389960.62,389960.62,0.0,100.0,Critical Risk
INV50374,CUST1208,Customer_209,Smb,East,Partner,Software Subscription,8.0,10633.98,15,12760.78,13015.99,85327.05,Paid,Bank Transfer,85327.05,0.0,85327.05,0.0,0.0,100.0,0.0,Low Risk
INV50375,CUST1222,Customer_223,Mid-Market,East,Online,Data Service,4.0,23905.71,5,4781.14,16351.51,107193.21,Overdue,Cheque,0.0,0.0,0.0,107193.21,107193.21,0.0,100.0,Critical Risk
INV50376,CUST1097,Customer_98,Mid-Market,East,Partner,Support Plan,11.0,30346.26,5,16690.44,57081.32,374199.74,Overdue,Cheque,0.0,0.0,0.0,374199.74,374199.74,0.0,100.0,Critical Risk
INV50377,CUST1041,Customer_42,Smb,West,Partner,Cloud Service,6.0,11861.75,10,7117.05,11529.62,75583.07,Unpaid,Debit Card,0.0,0.0,0.0,75583.07,75583.07,0.0,100.0,Critical Risk
INV50378,CUST1042,Customer_43,Smb,North,Direct,Software Subscription,3.0,38135.33,10,11440.6,18533.77,121499.16,Partially Paid,Credit Card,92857.24,0.0,92857.24,28641.92,28641.92,76.43,23.57,Medium Risk
INV50379,CUST1016,Customer_17,Enterprise,North,Direct,Support Plan,9.0,13455.64,0,0.0,21798.14,142898.9,Paid,Upi,142898.9,0.0,142898.9,0.0,0.0,100.0,0.0,Low Risk
INV50380,CUST1238,Customer_239,Enterprise,South,Direct,Cloud Service,4.0,19453.19,10,7781.28,12605.67,82637.15,Unpaid,Cheque,0.0,0.0,0.0,82637.15,82637.15,0.0,100.0,Critical Risk
INV50381,CUST1169,Customer_170,Smb,East,Online,Cloud Service,8.0,65738.97,25,131477.94,70998.09,465431.91,Overdue,Debit Card,0.0,0.0,0.0,465431.91,465431.91,0.0,100.0,Critical Risk
INV50382,CUST1152,Customer_153,Mid-Market,South,Direct,Data Service,7.0,40333.97,10,28233.78,45738.72,299842.73,Overdue,Debit Card,0.0,0.0,0.0,299842.73,299842.73,0.0,100.0,Critical Risk
INV50383,CUST1066,Customer_67,Smb,North,Online,Software Subscription,1.0,40466.46,5,2023.32,6919.77,45362.91,Paid,Debit Card,45362.91,0.0,45362.91,0.0,0.0,100.0,0.0,Low Risk
INV50384,CUST1196,Customer_197,Smb,South,Partner,Cloud Service,10.0,68805.68,10,68805.68,111465.2,730716.32,Unpaid,Cheque,0.0,0.0,0.0,730716.32,730716.32,0.0,100.0,Critical Risk
INV50385,CUST1041,Customer_42,Mid-Market,South,Online,Support Plan,7.0,29104.43,10,20373.1,33004.42,216362.33,Paid,Cheque,216362.33,0.0,216362.33,0.0,0.0,100.0,0.0,Low Risk
INV50386,CUST1190,Customer_191,Mid-Market,East,Direct,Cloud Service,7.0,32562.77,10,22793.94,36926.18,242071.63,Overdue,Debit Card,0.0,0.0,0.0,242071.63,242071.63,0.0,100.0,Critical Risk
INV50387,CUST1125,Customer_126,Smb,East,Partner,Software Subscription,3.0,14565.26,0,0.0,7865.24,51561.02,Overdue,Credit Card,0.0,0.0,0.0,51561.02,51561.02,0.0,100.0,Critical Risk
INV50388,CUST1023,Customer_24,Smb,West,Partner,Support Plan,4.0,27518.44,15,16511.06,16841.29,110403.99,Paid,Debit Card,110403.99,0.0,110403.99,0.0,0.0,100.0,0.0,Low Risk
INV50389,CUST1215,Customer_216,Mid-Market,West,Direct,Consulting,1.0,99717.65,10,9971.76,16154.26,105900.15,Unpaid,Credit Card,0.0,0.0,0.0,105900.15,105900.15,0.0,100.0,Critical Risk
INV50390,CUST1031,Customer_32,Enterprise,South,Partner,Consulting,7.0,119003.04,25,208255.32,112457.87,737223.83,Paid,Bank Transfer,737223.83,0.0,737223.83,0.0,0.0,100.0,0.0,Low Risk
INV50391,CUST1174,Customer_175,Enterprise,North,Partner,Cloud Service,3.0,43009.41,0,0.0,23225.08,152253.31,Unpaid,Debit Card,0.0,0.0,0.0,152253.31,152253.31,0.0,100.0,Critical Risk
INV50392,CUST1227,Customer_228,Smb,East,Online,Consulting,2.0,54061.9,10,10812.38,17516.06,114827.48,Partially Paid,Bank Transfer,45323.34,0.0,45323.34,69504.14,69504.14,39.47,60.53,Critical Risk
INV50393,CUST1248,Customer_249,Smb,South,Partner,Support Plan,12.0,28292.39,5,16975.43,58055.99,380589.24,Paid,Bank Transfer,380589.24,0.0,380589.24,0.0,0.0,100.0,0.0,Low Risk
INV50394,CUST1091,Customer_92,Mid-Market,East,Partner,Data Service,2.0,25062.59,5,2506.26,8571.41,56190.33,Paid,Credit Card,56190.33,0.0,56190.33,0.0,0.0,100.0,0.0,Low Risk
INV50395,CUST1185,Customer_186,Smb,West,Direct,Software Subscription,8.0,42438.02,25,84876.04,45833.06,300461.18,Paid,Cheque,300461.18,0.0,300461.18,0.0,0.0,100.0,0.0,Low Risk
INV50396,CUST1187,Customer_188,Mid-Market,East,Partner,Data Service,9.0,52495.88,5,23623.15,80791.16,529630.93,Paid,Cheque,529630.93,0.0,529630.93,0.0,0.0,100.0,0.0,Low Risk
INV50397,CUST1198,Customer_199,Mid-Market,East,Online,Support Plan,12.0,17869.82,5,10721.89,36668.87,240384.82,Overdue,Credit Card,0.0,0.0,0.0,240384.82,240384.82,0.0,100.0,Critical Risk
INV50398,CUST1247,Customer_248,Mid-Market,East,Partner,Support Plan,4.0,27526.13,25,27526.13,14864.11,97442.5,Unpaid,Debit Card,0.0,0.0,0.0,97442.5,97442.5,0.0,100.0,Critical Risk
INV50399,CUST1133,Customer_134,Mid-Market,West,Direct,Software Subscription,3.0,35918.09,5,5387.71,18425.98,120792.54,Overdue,Bank Transfer,0.0,0.0,0.0,120792.54,120792.54,0.0,100.0,Critical Risk
INV50400,CUST1125,Customer_126,Mid-Market,North,Direct,Data Service,5.0,12465.57,0,0.0,11219.01,73546.86,Paid,Credit Card,73546.86,0.0,73546.86,0.0,0.0,100.0,0.0,Low Risk
INV50401,CUST1205,Customer_206,Mid-Market,North,Online,Cloud Service,9.0,82204.23,20,147967.61,106536.68,698407.14,Unpaid,Upi,0.0,0.0,0.0,698407.14,698407.14,0.0,100.0,Critical Risk
INV50402,CUST1019,Customer_20,Enterprise,South,Direct,Data Service,2.0,33778.38,0,0.0,12160.22,79716.98,Unpaid,Cheque,0.0,0.0,0.0,79716.98,79716.98,0.0,100.0,Critical Risk
INV50403,CUST1191,Customer_192,Mid-Market,North,Direct,Software Subscription,11.0,38578.93,15,63655.23,0.0,425641.34,Partially Paid,Credit Card,264548.97,0.0,264548.97,161092.37,161092.37000000005,62.15,37.85,High Risk
INV50404,CUST1040,Customer_41,Mid-Market,East,Partner,Data Service,8.0,23962.63,15,28755.16,29330.26,192276.14,Overdue,Debit Card,0.0,0.0,0.0,192276.14,192276.14,0.0,100.0,Critical Risk
INV50405,CUST1061,Customer_62,Mid-Market,West,Direct,Consulting,7.0,109029.94,10,76320.96,123639.95,810528.57,Paid,Bank Transfer,810528.57,0.0,810528.57,0.0,0.0,100.0,0.0,Low Risk
INV50406,CUST1034,Customer_35,Enterprise,East,Direct,Cloud Service,1.0,41136.13,10,4113.61,6664.05,43686.57,Overdue,Upi,0.0,0.0,0.0,43686.57,43686.57,0.0,100.0,Critical Risk
INV50407,CUST1117,Customer_118,Smb,East,Partner,Consulting,5.0,16137.95,15,12103.46,12345.53,80931.82,Overdue,Bank Transfer,0.0,0.0,0.0,80931.82,80931.82,0.0,100.0,Critical Risk
INV50408,CUST1185,Customer_186,Smb,North,Online,Support Plan,3.0,32161.46,25,24121.1,13025.39,85388.67,Unpaid,Upi,0.0,0.0,0.0,85388.67,85388.67,0.0,100.0,Critical Risk
INV50409,CUST1199,Customer_200,Smb,South,Online,Cloud Service,6.0,17302.93,20,20763.52,14949.73,98003.79,Paid,Cheque,98003.79,0.0,98003.79,0.0,0.0,100.0,0.0,Low Risk
INV50410,CUST1078,Customer_79,Mid-Market,South,Direct,Cloud Service,9.0,35545.09,5,15995.29,54703.89,358614.41,Paid,Debit Card,358614.41,0.0,358614.41,0.0,0.0,100.0,0.0,Low Risk
INV50411,CUST1110,Customer_111,Smb,North,Online,Support Plan,3.0,33501.86,5,5025.28,17186.45,112666.75,Paid,Debit Card,112666.75,0.0,112666.75,0.0,0.0,100.0,0.0,Low Risk
INV50412,CUST1128,Customer_129,Smb,South,Online,Consulting,3.0,114813.75,25,86110.31,46499.57,304830.51,Paid,Cheque,304830.51,0.0,304830.51,0.0,0.0,100.0,0.0,Low Risk
INV50413,CUST1068,Customer_69,Mid-Market,East,Partner,Cloud Service,11.0,55875.03,0,0.0,110632.56,725257.89,Paid,Credit Card,725257.89,0.0,725257.89,0.0,0.0,100.0,0.0,Low Risk
INV50414,CUST1167,Customer_168,Smb,South,Partner,Cloud Service,3.0,60546.98,15,27246.14,27791.06,182185.86,Partially Paid,Bank Transfer,144672.97,0.0,144672.97,37512.89,37512.889999999985,79.41,20.59,Medium Risk
INV50415,CUST1095,Customer_96,Smb,South,Partner,Software Subscription,2.0,24592.48,0,0.0,8853.29,58038.25,Paid,Bank Transfer,58038.25,0.0,58038.25,0.0,0.0,100.0,0.0,Low Risk
INV50416,CUST1115,Customer_116,Mid-Market,East,Online,Cloud Service,4.0,33456.86,10,13382.74,21680.05,142124.75,Paid,Debit Card,142124.75,0.0,142124.75,0.0,0.0,100.0,0.0,Low Risk
INV50417,CUST1149,Customer_150,Enterprise,East,Direct,Data Service,1.0,24419.22,10,2441.92,3955.91,25933.21,Paid,Debit Card,25933.21,0.0,25933.21,0.0,0.0,100.0,0.0,Low Risk
INV50418,CUST1169,Customer_170,Smb,West,Direct,Cloud Service,2.0,63801.48,0,0.0,22968.53,150571.49,Paid,Debit Card,150571.49,0.0,150571.49,0.0,0.0,100.0,0.0,Low Risk
INV50419,CUST1221,Customer_222,Mid-Market,North,Direct,Software Subscription,3.0,35837.86,10,10751.36,17417.2,114179.42,Paid,Credit Card,114179.42,0.0,114179.42,0.0,0.0,100.0,0.0,Low Risk
INV50420,CUST1100,Customer_101,Mid-Market,East,Direct,Software Subscription,6.0,37288.42,15,33559.58,34230.77,224401.71,Paid,Upi,224401.71,0.0,224401.71,0.0,0.0,100.0,0.0,Low Risk
INV50421,CUST1242,Customer_243,Smb,South,Partner,Consulting,6.0,97909.9,20,117491.88,84594.15,554561.67,Partially Paid,Credit Card,140124.98,0.0,140124.98,414436.69,414436.69000000006,25.27,74.73,Critical Risk
INV50422,CUST1232,Customer_233,Mid-Market,South,Direct,Support Plan,9.0,7736.18,5,3481.28,11905.98,78050.32,Paid,Upi,78050.32,0.0,78050.32,0.0,0.0,100.0,0.0,Low Risk
INV50423,CUST1167,Customer_168,Enterprise,North,Direct,Consulting,6.0,66914.13,0,0.0,72267.26,473752.04,Paid,Upi,473752.04,0.0,473752.04,0.0,0.0,100.0,0.0,Low Risk
INV50424,CUST1225,Customer_226,Enterprise,East,Direct,Support Plan,5.0,6726.76,25,8408.45,4540.56,29765.91,Unpaid,Credit Card,0.0,0.0,0.0,29765.91,29765.91,0.0,100.0,Critical Risk
INV50425,CUST1006,Customer_7,Mid-Market,South,Online,Data Service,10.0,36125.03,10,36125.03,58522.55,383647.82,Partially Paid,Bank Transfer,217688.38,0.0,0.0,165959.44,383647.82,0.0,100.0,Critical Risk
INV50426,CUST1034,Customer_35,Mid-Market,West,Direct,Data Service,8.0,30401.12,15,36481.34,37210.97,243938.59,Paid,Credit Card,243938.59,0.0,243938.59,0.0,0.0,100.0,0.0,Low Risk
INV50427,CUST1104,Customer_105,Mid-Market,South,Direct,Software Subscription,5.0,40845.05,20,40845.05,29408.44,192788.64,Paid,Bank Transfer,192788.64,0.0,192788.64,0.0,0.0,100.0,0.0,Low Risk
INV50428,CUST1125,Customer_126,Mid-Market,West,Online,Support Plan,4.0,15527.45,20,12421.96,8943.81,58631.65,Paid,Upi,58631.65,22332.75,36298.9,22332.75,22332.75,61.91,38.09,High Risk
INV50429,CUST1027,Customer_28,Mid-Market,North,Direct,Software Subscription,4.0,12331.48,20,9865.18,7102.93,46563.67,Overdue,Upi,0.0,0.0,0.0,46563.67,46563.67,0.0,100.0,Critical Risk
INV50430,CUST1198,Customer_199,Enterprise,South,Partner,Support Plan,3.0,9289.75,20,5573.85,4013.17,26308.57,Paid,Debit Card,26308.57,0.0,26308.57,0.0,0.0,100.0,0.0,Low Risk
INV50431,CUST1199,Customer_200,Mid-Market,South,Partner,Data Service,3.0,47360.06,20,28416.04,20459.55,134123.69,Paid,Cheque,134123.69,0.0,134123.69,0.0,0.0,100.0,0.0,Low Risk
INV50432,CUST1064,Customer_65,Smb,East,Direct,Consulting,12.0,79912.9,0,0.0,172611.86,1131566.66,Paid,Cheque,1131566.66,0.0,1131566.66,0.0,0.0,100.0,0.0,Low Risk
INV50433,CUST1140,Customer_141,Smb,North,Partner,Consulting,6.0,25617.88,5,7685.36,26283.95,172305.87,Paid,Upi,172305.87,0.0,172305.87,0.0,0.0,100.0,0.0,Low Risk
INV50434,CUST1160,Customer_161,Smb,West,Online,Consulting,4.0,23831.21,0,0.0,17158.47,112483.31,Partially Paid,Bank Transfer,39579.12,0.0,39579.12,72904.19,72904.19,35.19,64.81,Critical Risk
INV50435,CUST1150,Customer_151,Mid-Market,South,Online,Support Plan,7.0,26029.07,25,45550.87,24597.47,161250.09,Paid,Upi,161250.09,0.0,161250.09,0.0,0.0,100.0,0.0,Low Risk
INV50436,CUST1037,Customer_38,Smb,East,Partner,Cloud Service,1.0,15821.04,5,791.05,2705.4,17735.39,Overdue,Bank Transfer,0.0,0.0,0.0,17735.39,17735.39,0.0,100.0,Critical Risk
INV50437,CUST1045,Customer_46,Smb,East,Direct,Cloud Service,10.0,75748.8,5,37874.4,129530.45,849144.05,Overdue,Bank Transfer,0.0,0.0,0.0,849144.05,849144.05,0.0,100.0,Critical Risk
INV50438,CUST1229,Customer_230,Smb,East,Partner,Software Subscription,7.0,34130.96,0,0.0,43005.01,281921.73,Paid,Cheque,281921.73,0.0,281921.73,0.0,0.0,100.0,0.0,Low Risk
INV50439,CUST1156,Customer_157,Smb,East,Partner,Data Service,12.0,11311.49,0,0.0,24432.82,160170.7,Paid,Cheque,160170.7,0.0,160170.7,0.0,0.0,100.0,0.0,Low Risk
INV50440,CUST1147,Customer_148,Enterprise,West,Direct,Cloud Service,3.0,16787.02,25,12590.26,6798.74,44569.54,Paid,Cheque,44569.54,0.0,44569.54,0.0,0.0,100.0,0.0,Low Risk
INV50441,CUST1000,Customer_1,Smb,West,Partner,Support Plan,11.0,34599.19,0,0.0,68506.4,449097.49,Unpaid,Bank Transfer,0.0,0.0,0.0,449097.49,449097.49,0.0,100.0,Critical Risk
INV50442,CUST1206,Customer_207,Mid-Market,East,Online,Software Subscription,11.0,21848.02,10,24032.82,38933.17,255228.57,Partially Paid,Cheque,90006.49,0.0,90006.49,165222.08,165222.08000000002,35.27,64.73,Critical Risk
INV50443,CUST1175,Customer_176,Smb,East,Online,Support Plan,12.0,16119.26,0,0.0,34817.6,228248.72,Unpaid,Debit Card,0.0,0.0,0.0,228248.72,228248.72,0.0,100.0,Critical Risk
INV50444,CUST1034,Customer_35,Mid-Market,North,Online,Support Plan,9.0,29383.99,15,39668.39,40461.75,265249.27,Paid,Upi,265249.27,0.0,265249.27,0.0,0.0,100.0,0.0,Low Risk
INV50445,CUST1147,Customer_148,Mid-Market,South,Online,Cloud Service,2.0,85779.89,5,8577.99,29336.72,192318.51,Paid,Cheque,192318.51,94741.57,97576.94,94741.57,94741.57,50.74,49.26,High Risk
INV50446,CUST1029,Customer_30,Enterprise,North,Partner,Cloud Service,12.0,88880.09,15,159984.16,163183.85,1069760.77,Unpaid,Credit Card,0.0,0.0,0.0,1069760.77,1069760.77,0.0,100.0,Critical Risk
INV50447,CUST1055,Customer_56,Mid-Market,North,Partner,Consulting,2.0,94104.71,15,28231.41,28796.04,188774.05,Unpaid,Cheque,0.0,0.0,0.0,188774.05,188774.05,0.0,100.0,Critical Risk
INV50448,CUST1039,Customer_40,Smb,North,Online,Support Plan,12.0,16287.79,10,19545.35,31663.46,207571.59,Unpaid,Credit Card,0.0,0.0,0.0,207571.59,207571.59,0.0,100.0,Critical Risk
INV50449,CUST1099,Customer_100,Mid-Market,North,Partner,Data Service,2.0,11425.54,0,0.0,4113.19,26964.27,Paid,Debit Card,26964.27,11639.28,15324.99,11639.28,11639.28,56.83,43.17,High Risk
INV50450,CUST1196,Customer_197,Mid-Market,East,Partner,Cloud Service,1.0,72171.75,10,7217.18,11691.82,76646.39,Partially Paid,Cheque,24979.63,0.0,24979.63,51666.76,51666.759999999995,32.59,67.41,Critical Risk
INV50451,CUST1030,Customer_31,Smb,North,Direct,Consulting,5.0,73632.45,0,0.0,66269.21,434431.46,Paid,Cheque,434431.46,0.0,434431.46,0.0,0.0,100.0,0.0,Low Risk
INV50452,CUST1036,Customer_37,Enterprise,East,Online,Cloud Service,10.0,43937.76,10,43937.76,71179.17,466619.01,Paid,Debit Card,466619.01,0.0,466619.01,0.0,0.0,100.0,0.0,Low Risk
INV50453,CUST1120,Customer_121,Enterprise,South,Online,Software Subscription,2.0,41535.11,20,16614.04,11962.11,78418.29,Paid,Cheque,78418.29,0.0,78418.29,0.0,0.0,100.0,0.0,Low Risk
INV50454,CUST1085,Customer_86,Enterprise,West,Direct,Data Service,2.0,12893.47,25,6446.73,3481.24,22821.45,Paid,Debit Card,22821.45,0.0,22821.45,0.0,0.0,100.0,0.0,Low Risk
INV50455,CUST1059,Customer_60,Enterprise,East,Partner,Consulting,10.0,66725.64,10,66725.64,108095.54,708626.3,Overdue,Debit Card,0.0,0.0,0.0,708626.3,708626.3,0.0,100.0,Critical Risk
INV50456,CUST1121,Customer_122,Smb,South,Online,Support Plan,8.0,5340.61,5,2136.24,7305.96,47894.6,Paid,Bank Transfer,47894.6,0.0,47894.6,0.0,0.0,100.0,0.0,Low Risk
INV50457,CUST1142,Customer_143,Mid-Market,South,Online,Cloud Service,9.0,47492.85,25,106858.91,57703.81,378280.55,Paid,Credit Card,378280.55,0.0,378280.55,0.0,0.0,100.0,0.0,Low Risk
INV50458,CUST1087,Customer_88,Smb,South,Direct,Data Service,7.0,9984.07,20,13977.7,10063.94,65974.73,Paid,Bank Transfer,65974.73,0.0,65974.73,0.0,0.0,100.0,0.0,Low Risk
INV50459,CUST1152,Customer_153,Mid-Market,North,Online,Data Service,2.0,13297.35,25,6648.68,3590.28,23536.3,Paid,Bank Transfer,23536.3,0.0,23536.3,0.0,0.0,100.0,0.0,Low Risk
INV50460,CUST1165,Customer_166,Mid-Market,North,Direct,Software Subscription,4.0,12348.47,5,2469.69,8446.35,55370.54,Overdue,Credit Card,0.0,0.0,0.0,55370.54,55370.54,0.0,100.0,Critical Risk
INV50461,CUST1157,Customer_158,Mid-Market,East,Partner,Consulting,4.0,83167.08,15,49900.25,50898.25,333666.32,Paid,Upi,333666.32,0.0,333666.32,0.0,0.0,100.0,0.0,Low Risk
INV50462,CUST1130,Customer_131,Smb,North,Direct,Consulting,5.0,93334.71,0,0.0,84001.24,550674.79,Paid,Cheque,550674.79,0.0,550674.79,0.0,0.0,100.0,0.0,Low Risk
INV50463,CUST1221,Customer_222,Smb,West,Online,Support Plan,12.0,22501.06,20,54002.54,38881.83,254892.01,Partially Paid,Credit Card,159833.65,0.0,159833.65,95058.36,95058.36000000002,62.71,37.29,High Risk
INV50464,CUST1048,Customer_49,Mid-Market,South,Direct,Cloud Service,7.0,86973.8,5,30440.83,104107.64,682483.41,Paid,Bank Transfer,682483.41,0.0,682483.41,0.0,0.0,100.0,0.0,Low Risk
INV50465,CUST1184,Customer_185,Enterprise,West,Online,Support Plan,3.0,16246.12,0,0.0,8772.9,57511.26,Paid,Cheque,57511.26,0.0,57511.26,0.0,0.0,100.0,0.0,Low Risk
INV50466,CUST1130,Customer_131,Smb,North,Online,Support Plan,7.0,13571.36,15,14249.93,14534.93,95284.52,Paid,Debit Card,95284.52,0.0,95284.52,0.0,0.0,100.0,0.0,Low Risk
INV50467,CUST1237,Customer_238,Mid-Market,North,Online,Cloud Service,1.0,79487.93,0,0.0,14307.83,93795.76,Paid,Debit Card,93795.76,0.0,93795.76,0.0,0.0,100.0,0.0,Low Risk
INV50468,CUST1219,Customer_220,Enterprise,South,Partner,Cloud Service,8.0,27887.67,0,0.0,40158.24,263259.6,Paid,Bank Transfer,263259.6,0.0,263259.6,0.0,0.0,100.0,0.0,Low Risk
INV50469,CUST1136,Customer_137,Mid-Market,East,Partner,Support Plan,8.0,33896.68,25,67793.36,36608.41,239988.49,Paid,Upi,239988.49,0.0,239988.49,0.0,0.0,100.0,0.0,Low Risk
INV50470,CUST1191,Customer_192,Smb,East,Online,Data Service,5.0,7644.19,0,0.0,6879.77,45100.72,Partially Paid,Cheque,24664.89,0.0,24664.89,20435.83,20435.83,54.69,45.31,High Risk
INV50471,CUST1021,Customer_22,Smb,East,Direct,Software Subscription,5.0,43885.52,10,21942.76,35547.27,233032.11,Paid,Bank Transfer,233032.11,0.0,233032.11,0.0,0.0,100.0,0.0,Low Risk
INV50472,CUST1114,Customer_115,Smb,North,Partner,Consulting,5.0,19531.79,10,9765.9,15820.75,103713.8,Paid,Bank Transfer,103713.8,0.0,103713.8,0.0,0.0,100.0,0.0,Low Risk
INV50473,CUST1192,Customer_193,Enterprise,East,Direct,Support Plan,4.0,31734.29,25,31734.29,17136.52,112339.39,Unpaid,Upi,0.0,0.0,0.0,112339.39,112339.39,0.0,100.0,Critical Risk
INV50474,CUST1118,Customer_119,Smb,West,Partner,Cloud Service,8.0,52216.09,10,41772.87,67672.05,443627.9,Paid,Credit Card,443627.9,0.0,443627.9,0.0,0.0,100.0,0.0,Low Risk
INV50475,CUST1237,Customer_238,Mid-Market,North,Direct,Support Plan,11.0,34788.94,15,57401.75,58549.79,383826.38,Overdue,Cheque,0.0,0.0,0.0,383826.38,383826.38,0.0,100.0,Critical Risk
INV50476,CUST1235,Customer_236,Mid-Market,West,Partner,Cloud Service,6.0,15903.73,10,9542.24,15458.43,101338.57,Paid,Credit Card,101338.57,0.0,101338.57,0.0,0.0,100.0,0.0,Low Risk
INV50477,CUST1176,Customer_177,Enterprise,North,Online,Cloud Service,9.0,54308.34,0,0.0,87979.51,576754.57,Partially Paid,Debit Card,403159.35,54194.42,348964.93,227789.64,227789.63999999996,60.5,39.5,High Risk
INV50478,CUST1064,Customer_65,Smb,South,Online,Software Subscription,10.0,43864.19,0,0.0,78955.54,517597.44,Paid,Bank Transfer,517597.44,0.0,517597.44,0.0,0.0,100.0,0.0,Low Risk
INV50479,CUST1033,Customer_34,Smb,North,Online,Data Service,3.0,34724.19,0,0.0,18751.06,122923.63,Partially Paid,Debit Card,43269.3,0.0,43269.3,79654.33,79654.33,35.2,64.8,Critical Risk
INV50480,CUST1197,Customer_198,Mid-Market,West,Partner,Cloud Service,3.0,60351.89,0,0.0,32590.02,213645.69,Paid,Bank Transfer,213645.69,0.0,213645.69,0.0,0.0,100.0,0.0,Low Risk
INV50481,CUST1112,Customer_113,Smb,South,Online,Consulting,10.0,88053.61,20,176107.22,126797.2,831226.08,Paid,Debit Card,831226.08,0.0,831226.08,0.0,0.0,100.0,0.0,Low Risk
INV50482,CUST1183,Customer_184,Smb,West,Direct,Software Subscription,2.0,24818.02,0,0.0,8934.49,58570.53,Paid,Debit Card,58570.53,0.0,58570.53,0.0,0.0,100.0,0.0,Low Risk
INV50483,CUST1170,Customer_171,Smb,West,Partner,Consulting,12.0,80893.6,15,145608.48,148520.65,973635.37,Overdue,Debit Card,0.0,0.0,0.0,973635.37,973635.37,0.0,100.0,Critical Risk
INV50484,CUST1057,Customer_58,Smb,North,Online,Support Plan,2.0,22529.43,15,6758.83,6894.01,45194.04,Paid,Bank Transfer,45194.04,0.0,45194.04,0.0,0.0,100.0,0.0,Low Risk
INV50485,CUST1215,Customer_216,Mid-Market,South,Partner,Cloud Service,11.0,82092.64,10,90301.9,146289.09,959006.23,Paid,Debit Card,959006.23,213737.22,745269.01,213737.22,213737.21999999997,77.71,22.29,Medium Risk
INV50486,CUST1021,Customer_22,Enterprise,South,Partner,Support Plan,12.0,6363.39,10,7636.07,12370.43,81095.04,Paid,Debit Card,81095.04,0.0,81095.04,0.0,0.0,100.0,0.0,Low Risk
INV50487,CUST1136,Customer_137,Enterprise,North,Partner,Support Plan,1.0,13428.9,0,0.0,2417.2,15846.1,Paid,Bank Transfer,15846.1,0.0,15846.1,0.0,0.0,100.0,0.0,Low Risk
INV50488,CUST1222,Customer_223,Enterprise,North,Partner,Consulting,12.0,114793.21,10,137751.85,223158.0,1462924.67,Overdue,Cheque,0.0,0.0,0.0,1462924.67,1462924.67,0.0,100.0,Critical Risk
INV50489,CUST1033,Customer_34,Smb,North,Direct,Software Subscription,5.0,40939.76,0,0.0,36845.78,241544.58,Paid,Bank Transfer,241544.58,0.0,241544.58,0.0,0.0,100.0,0.0,Low Risk
INV50490,CUST1205,Customer_206,Smb,South,Partner,Cloud Service,6.0,46452.54,20,111486.1,80269.99,526214.37,Paid,Credit Card,526214.37,0.0,526214.37,0.0,0.0,100.0,0.0,Low Risk
INV50491,CUST1016,Customer_17,Smb,North,Direct,Consulting,7.0,80113.92,5,28039.87,95896.36,628653.93,Partially Paid,Bank Transfer,334471.95,0.0,334471.95,294181.98,294181.98000000004,53.2,46.8,High Risk
INV50492,CUST1225,Customer_226,Mid-Market,East,Partner,Software Subscription,1.0,18263.1,5,913.15,3122.99,20472.94,Overdue,Debit Card,0.0,0.0,0.0,20472.94,20472.94,0.0,100.0,Critical Risk
INV50493,CUST1163,Customer_164,Smb,North,Online,Support Plan,7.0,10643.63,10,7450.54,12069.88,79124.75,Overdue,Credit Card,0.0,0.0,0.0,79124.75,79124.75,0.0,100.0,Critical Risk
INV50494,CUST1211,Customer_212,Mid-Market,North,Online,Cloud Service,7.0,47095.87,0,0.0,59340.8,389011.89,Paid,Upi,389011.89,0.0,389011.89,0.0,0.0,100.0,0.0,Low Risk
INV50495,CUST1168,Customer_169,Smb,West,Partner,Software Subscription,4.0,21074.03,0,0.0,15173.3,99469.42,Unpaid,Credit Card,0.0,0.0,0.0,99469.42,99469.42,0.0,100.0,Critical Risk
INV50496,CUST1165,Customer_166,Smb,West,Direct,Consulting,7.0,76283.89,10,53398.72,86505.93,567094.44,Paid,Bank Transfer,567094.44,0.0,567094.44,0.0,0.0,100.0,0.0,Low Risk
INV50497,CUST1201,Customer_202,Smb,East,Partner,Data Service,2.0,11119.94,0,0.0,4003.18,26243.06,Overdue,Credit Card,0.0,0.0,0.0,26243.06,26243.06,0.0,100.0,Critical Risk
INV50498,CUST1083,Customer_84,Smb,South,Direct,Consulting,12.0,117311.45,20,281547.48,202714.19,1328904.11,Overdue,Debit Card,0.0,0.0,0.0,1328904.11,1328904.11,0.0,100.0,Critical Risk
INV50499,CUST1037,Customer_38,Smb,South,Online,Data Service,8.0,59269.17,5,23707.67,81080.22,531525.91,Paid,Upi,531525.91,0.0,531525.91,0.0,0.0,100.0,0.0,Low Risk
INV50500,CUST1032,Customer_33,Smb,West,Partner,Data Service,1.0,44002.57,10,4400.26,7128.42,46730.73,Paid,Credit Card,46730.73,0.0,46730.73,0.0,0.0,100.0,0.0,Low Risk
INV50501,CUST1154,Customer_155,Smb,West,Direct,Data Service,3.0,35413.11,10,10623.93,17210.77,112826.17,Paid,Cheque,112826.17,0.0,112826.17,0.0,0.0,100.0,0.0,Low Risk
INV50502,CUST1003,Customer_4,Mid-Market,South,Online,Consulting,4.0,47500.4,15,28500.24,29070.24,190571.6,Paid,Bank Transfer,190571.6,0.0,190571.6,0.0,0.0,100.0,0.0,Low Risk
INV50503,CUST1120,Customer_121,Mid-Market,North,Partner,Data Service,1.0,50131.14,20,10026.23,7218.88,47323.79,Paid,Debit Card,47323.79,0.0,47323.79,0.0,0.0,100.0,0.0,Low Risk
INV50504,CUST1192,Customer_193,Smb,North,Direct,Support Plan,4.0,25541.94,5,5108.39,17470.69,114530.06,Paid,Debit Card,114530.06,0.0,114530.06,0.0,0.0,100.0,0.0,Low Risk
INV50505,CUST1219,Customer_220,Mid-Market,West,Direct,Data Service,1.0,15618.7,25,3904.68,2108.52,13822.54,Paid,Upi,13822.54,0.0,13822.54,0.0,0.0,100.0,0.0,Low Risk
INV50506,CUST1018,Customer_19,Smb,South,Online,Cloud Service,9.0,82874.17,0,0.0,134256.16,880123.69,Paid,Bank Transfer,880123.69,0.0,880123.69,0.0,0.0,100.0,0.0,Low Risk
INV50507,CUST1242,Customer_243,Enterprise,North,Partner,Cloud Service,1.0,75802.98,0,0.0,13644.54,89447.52,Paid,Upi,89447.52,0.0,89447.52,0.0,0.0,100.0,0.0,Low Risk
INV50508,CUST1181,Customer_182,Mid-Market,South,Online,Consulting,6.0,114728.99,10,68837.39,111516.58,731053.13,Paid,Credit Card,731053.13,0.0,731053.13,0.0,0.0,100.0,0.0,Low Risk
INV50509,CUST1128,Customer_129,Mid-Market,North,Partner,Cloud Service,1.0,68057.56,0,0.0,12250.36,80307.92,Paid,Cheque,80307.92,0.0,80307.92,0.0,0.0,100.0,0.0,Low Risk
INV50510,CUST1094,Customer_95,Mid-Market,South,Partner,Software Subscription,4.0,30696.36,25,30696.36,16576.03,108665.11,Paid,Bank Transfer,108665.11,0.0,108665.11,0.0,0.0,100.0,0.0,Low Risk
INV50511,CUST1028,Customer_29,Mid-Market,East,Partner,Support Plan,3.0,17547.29,10,5264.19,8527.98,55905.66,Paid,Cheque,55905.66,0.0,55905.66,0.0,0.0,100.0,0.0,Low Risk
INV50512,CUST1107,Customer_108,Smb,South,Online,Software Subscription,5.0,42510.95,10,21255.47,34433.87,225733.15,Paid,Upi,225733.15,0.0,225733.15,0.0,0.0,100.0,0.0,Low Risk
INV50513,CUST1165,Customer_166,Mid-Market,East,Direct,Support Plan,10.0,30981.92,25,77454.8,41825.59,274189.99,Paid,Upi,274189.99,0.0,274189.99,0.0,0.0,100.0,0.0,Low Risk
INV50514,CUST1248,Customer_249,Smb,South,Online,Software Subscription,3.0,9673.09,15,4352.89,4439.95,29106.33,Paid,Cheque,29106.33,0.0,29106.33,0.0,0.0,100.0,0.0,Low Risk
INV50515,CUST1214,Customer_215,Mid-Market,South,Partner,Consulting,3.0,17768.53,10,5330.56,8635.51,56610.54,Paid,Upi,56610.54,0.0,56610.54,0.0,0.0,100.0,0.0,Low Risk
INV50516,CUST1143,Customer_144,Mid-Market,South,Online,Cloud Service,6.0,40117.07,5,12035.12,41160.11,269827.41,Paid,Upi,269827.41,0.0,269827.41,0.0,0.0,100.0,0.0,Low Risk
INV50517,CUST1238,Customer_239,Mid-Market,East,Online,Consulting,8.0,100108.1,15,120129.72,122532.31,803267.39,Paid,Upi,803267.39,0.0,803267.39,0.0,0.0,100.0,0.0,Low Risk
INV50518,CUST1170,Customer_171,Smb,West,Direct,Data Service,12.0,59325.63,25,177976.89,96107.52,630038.19,Paid,Credit Card,630038.19,0.0,630038.19,0.0,0.0,100.0,0.0,Low Risk
INV50519,CUST1102,Customer_103,Mid-Market,South,Partner,Consulting,8.0,30793.77,15,36952.52,37691.58,247089.22,Paid,Credit Card,247089.22,83662.11,163427.11,83662.11,83662.11000000002,66.14,33.86,High Risk
INV50520,CUST1217,Customer_218,Smb,North,Online,Software Subscription,9.0,29982.84,20,53969.11,38857.76,254734.21,Paid,Upi,254734.21,0.0,254734.21,0.0,0.0,100.0,0.0,Low Risk
INV50521,CUST1094,Customer_95,Smb,North,Direct,Software Subscription,5.0,22092.96,15,16569.72,16901.11,110796.19,Paid,Debit Card,110796.19,0.0,110796.19,0.0,0.0,100.0,0.0,Low Risk
INV50522,CUST1041,Customer_42,Enterprise,North,Direct,Support Plan,12.0,34097.43,20,81833.83,58920.36,386255.69,Paid,Credit Card,386255.69,0.0,386255.69,0.0,0.0,100.0,0.0,Low Risk
INV50523,CUST1085,Customer_86,Smb,East,Partner,Data Service,7.0,51632.3,0,0.0,65056.7,426482.8,Paid,Credit Card,426482.8,0.0,426482.8,0.0,0.0,100.0,0.0,Low Risk
INV50524,CUST1047,Customer_48,Enterprise,East,Partner,Cloud Service,9.0,77066.3,25,173399.17,93635.56,613833.09,Paid,Cheque,613833.09,0.0,613833.09,0.0,0.0,100.0,0.0,Low Risk
INV50525,CUST1202,Customer_203,Smb,East,Partner,Cloud Service,5.0,47495.45,25,59369.31,32059.43,210167.37,Paid,Credit Card,210167.37,0.0,210167.37,0.0,0.0,100.0,0.0,Low Risk
INV50526,CUST1030,Customer_31,Mid-Market,West,Online,Support Plan,2.0,17444.59,15,5233.38,5338.04,34993.84,Partially Paid,Bank Transfer,18873.74,0.0,18873.74,0.0,16120.099999999995,53.93,46.07,High Risk
INV50527,CUST1041,Customer_42,Mid-Market,South,Direct,Consulting,6.0,43707.74,25,65561.61,35403.27,232088.1,Overdue,Upi,0.0,0.0,0.0,232088.1,232088.1,0.0,100.0,Critical Risk
INV50528,CUST1233,Customer_234,Enterprise,South,Online,Software Subscription,5.0,10085.89,10,5042.94,8169.57,53556.08,Paid,Credit Card,53556.08,0.0,53556.08,0.0,0.0,100.0,0.0,Low Risk
INV50529,CUST1082,Customer_83,Enterprise,South,Direct,Cloud Service,5.0,79177.79,15,59383.34,60571.01,397076.62,Paid,Credit Card,397076.62,0.0,397076.62,0.0,0.0,100.0,0.0,Low Risk
INV50530,CUST1105,Customer_106,Smb,South,Online,Consulting,2.0,100354.61,10,20070.92,32514.89,213153.19,Paid,Cheque,213153.19,0.0,213153.19,0.0,0.0,100.0,0.0,Low Risk
INV50531,CUST1234,Customer_235,Smb,South,Partner,Consulting,1.0,119970.36,25,29992.59,16196.0,106173.77,Paid,Cheque,106173.77,0.0,106173.77,0.0,0.0,100.0,0.0,Low Risk
INV50532,CUST1007,Customer_8,Mid-Market,South,Partner,Software Subscription,4.0,44875.56,5,8975.11,30694.88,201222.01,Overdue,Credit Card,0.0,0.0,0.0,201222.01,201222.01,0.0,100.0,Critical Risk
INV50533,CUST1108,Customer_109,Mid-Market,North,Direct,Software Subscription,2.0,28550.97,0,0.0,10278.35,67380.29,Unpaid,Bank Transfer,0.0,0.0,0.0,67380.29,67380.29,0.0,100.0,Critical Risk
INV50534,CUST1030,Customer_31,Enterprise,South,Online,Software Subscription,2.0,36452.53,10,7290.51,11810.62,77425.17,Partially Paid,Credit Card,50537.74,0.0,50537.74,26887.43,26887.43,65.27,34.73,High Risk
INV50535,CUST1023,Customer_24,Smb,South,Online,Cloud Service,10.0,85581.26,15,128371.89,130939.33,858380.04,Paid,Cheque,858380.04,0.0,858380.04,0.0,0.0,100.0,0.0,Low Risk
INV50536,CUST1195,Customer_196,Smb,North,Online,Consulting,12.0,104212.98,10,125055.58,202590.03,1328090.21,Overdue,Bank Transfer,0.0,0.0,0.0,1328090.21,1328090.21,0.0,100.0,Critical Risk
INV50537,CUST1178,Customer_179,Mid-Market,West,Partner,Support Plan,11.0,12420.44,0,0.0,24592.47,161217.31,Paid,Credit Card,161217.31,0.0,161217.31,0.0,0.0,100.0,0.0,Low Risk
INV50538,CUST1194,Customer_195,Enterprise,East,Online,Software Subscription,8.0,0.0,0,0.0,35524.99,232886.03,Paid,Upi,232886.03,0.0,232886.03,0.0,0.0,100.0,0.0,Low Risk
INV50539,CUST1126,Customer_127,Smb,West,Partner,Cloud Service,8.0,20332.75,10,16266.2,26351.24,172747.04,Partially Paid,Debit Card,121726.91,0.0,121726.91,51020.13,51020.130000000005,70.47,29.53,Medium Risk
INV50540,CUST1240,Customer_241,Mid-Market,North,Direct,Consulting,1.0,115175.36,25,28793.84,15548.67,101930.19,Partially Paid,Credit Card,44627.26,0.0,44627.26,57302.93,57302.93,43.78,56.22,Critical Risk
INV50541,CUST1026,Customer_27,Mid-Market,West,Direct,Consulting,2.0,78648.34,15,23594.5,24066.39,157768.57,Overdue,Credit Card,0.0,0.0,0.0,157768.57,157768.57,0.0,100.0,Critical Risk
INV50542,CUST1195,Customer_196,Mid-Market,West,Partner,Data Service,10.0,19118.07,10,19118.07,30971.27,203033.9,Unpaid,Debit Card,0.0,0.0,0.0,203033.9,203033.9,0.0,100.0,Critical Risk
INV50543,CUST1071,Customer_72,Smb,South,Direct,Support Plan,2.0,25151.02,0,0.0,9054.37,59356.41,Paid,Bank Transfer,59356.41,0.0,59356.41,0.0,0.0,100.0,0.0,Low Risk
INV50544,CUST1173,Customer_174,Smb,North,Direct,Consulting,7.0,79903.47,15,83898.64,85576.62,561002.27,Paid,Cheque,561002.27,0.0,561002.27,0.0,0.0,100.0,0.0,Low Risk
INV50545,CUST1075,Customer_76,Mid-Market,North,Direct,Support Plan,9.0,15744.88,10,14170.39,22956.04,150489.57,Paid,Debit Card,150489.57,0.0,150489.57,0.0,0.0,100.0,0.0,Low Risk
INV50546,CUST1080,Customer_81,Enterprise,East,Online,Support Plan,8.0,8406.73,0,0.0,12105.69,79359.53,Paid,Credit Card,79359.53,0.0,79359.53,0.0,0.0,100.0,0.0,Low Risk
INV50547,CUST1079,Customer_80,Mid-Market,West,Online,Support Plan,2.0,25147.2,25,12573.6,6789.74,44510.54,Partially Paid,Credit Card,27205.93,0.0,27205.93,17304.61,17304.61,61.12,38.88,High Risk
INV50548,CUST1126,Customer_127,Mid-Market,North,Direct,Support Plan,10.0,20609.23,15,30913.85,31532.12,206710.57,Unpaid,Cheque,0.0,0.0,0.0,206710.57,206710.57,0.0,100.0,Critical Risk
INV50549,CUST1089,Customer_90,Enterprise,East,Partner,Data Service,1.0,47932.87,15,7189.93,7333.73,48076.67,Paid,Upi,48076.67,0.0,48076.67,0.0,0.0,100.0,0.0,Low Risk
INV50550,CUST1060,Customer_61,Mid-Market,South,Direct,Data Service,2.0,34568.67,0,0.0,12444.72,81582.06,Overdue,Cheque,0.0,0.0,0.0,81582.06,81582.06,0.0,100.0,Critical Risk
INV50551,CUST1168,Customer_169,Enterprise,North,Partner,Data Service,9.0,52165.62,20,93898.12,67606.64,443199.1,Paid,Debit Card,443199.1,0.0,443199.1,0.0,0.0,100.0,0.0,Low Risk
INV50552,CUST1025,Customer_26,Enterprise,East,Direct,Software Subscription,12.0,28420.55,10,34104.66,55249.55,362191.49,Paid,Cheque,362191.49,0.0,362191.49,0.0,0.0,100.0,0.0,Low Risk
INV50553,CUST1051,Customer_52,Mid-Market,West,Direct,Software Subscription,9.0,28754.7,10,25879.23,41924.35,274837.42,Paid,Cheque,274837.42,136952.16,137885.26,136952.16,136952.15999999997,50.17,49.83,High Risk
INV50554,CUST1086,Customer_87,Smb,North,Online,Data Service,9.0,53462.64,25,120290.94,64957.11,425829.93,Paid,Upi,425829.93,0.0,425829.93,0.0,0.0,100.0,0.0,Low Risk
INV50555,CUST1138,Customer_139,Smb,South,Direct,Support Plan,7.0,17104.49,10,11973.14,19396.49,127154.78,Partially Paid,Cheque,60009.07,0.0,60009.07,67145.71,67145.70999999999,47.19,52.81,Critical Risk
INV50556,CUST1169,Customer_170,Enterprise,North,Online,Support Plan,5.0,9020.46,20,9020.46,6494.73,42576.57,Overdue,Credit Card,0.0,0.0,0.0,42576.57,42576.57,0.0,100.0,Critical Risk
INV50557,CUST1061,Customer_62,Smb,North,Online,Cloud Service,7.0,12302.61,20,17223.65,12401.03,81295.65,Paid,Credit Card,81295.65,0.0,81295.65,0.0,0.0,100.0,0.0,Low Risk
INV50558,CUST1165,Customer_166,Smb,North,Direct,Data Service,4.0,47022.27,20,37617.82,27084.83,177556.09,Paid,Upi,177556.09,0.0,177556.09,0.0,0.0,100.0,0.0,Low Risk
INV50559,CUST1111,Customer_112,Smb,East,Online,Software Subscription,4.0,30951.45,5,6190.29,21170.79,138786.3,Paid,Cheque,138786.3,56257.22,82529.08,56257.22,56257.21999999999,59.46,40.54,High Risk
INV50560,CUST1200,Customer_201,Smb,West,Partner,Software Subscription,6.0,34050.95,10,20430.57,33097.52,216972.65,Overdue,Bank Transfer,0.0,0.0,0.0,216972.65,216972.65,0.0,100.0,Critical Risk
INV50561,CUST1028,Customer_29,Mid-Market,North,Partner,Data Service,2.0,18287.1,10,3657.42,5925.02,38841.8,Paid,Upi,38841.8,0.0,38841.8,0.0,0.0,100.0,0.0,Low Risk
INV50562,CUST1055,Customer_56,Smb,North,Partner,Consulting,4.0,29319.0,10,11727.6,18998.71,124547.11,Paid,Cheque,124547.11,0.0,124547.11,0.0,0.0,100.0,0.0,Low Risk
INV50563,CUST1139,Customer_140,Smb,East,Direct,Consulting,5.0,16527.19,5,4131.8,14130.75,92634.9,Paid,Cheque,92634.9,0.0,92634.9,0.0,0.0,100.0,0.0,Low Risk
INV50564,CUST1061,Customer_62,Smb,South,Partner,Support Plan,5.0,15517.63,15,11638.22,11870.99,77820.92,Overdue,Debit Card,0.0,0.0,0.0,77820.92,77820.92,0.0,100.0,Critical Risk
INV50565,CUST1077,Customer_78,Smb,West,Online,Consulting,5.0,76941.36,10,38470.68,62322.5,408558.62,Overdue,Upi,0.0,0.0,0.0,408558.62,408558.62,0.0,100.0,Critical Risk
INV50566,CUST1221,Customer_222,Smb,West,Direct,Support Plan,8.0,16767.32,20,26827.71,19315.95,126626.8,Overdue,Credit Card,0.0,0.0,0.0,126626.8,126626.8,0.0,100.0,Critical Risk
INV50567,CUST1107,Customer_108,Mid-Market,South,Online,Data Service,12.0,30186.17,15,54335.11,55421.81,363320.74,Paid,Debit Card,363320.74,26683.9,336636.84,26683.9,26683.899999999965,92.66,7.34,Low Risk
INV50568,CUST1051,Customer_52,Mid-Market,South,Online,Cloud Service,10.0,82332.7,0,0.0,148198.86,971525.86,Paid,Debit Card,971525.86,0.0,971525.86,0.0,0.0,100.0,0.0,Low Risk
INV50569,CUST1223,Customer_224,Mid-Market,West,Partner,Cloud Service,3.0,37860.44,15,17037.2,17377.94,113922.06,Unpaid,Credit Card,0.0,0.0,0.0,113922.06,113922.06,0.0,100.0,Critical Risk
INV50570,CUST1057,Customer_58,Smb,South,Partner,Software Subscription,9.0,27017.61,10,24315.85,39391.68,258234.32,Overdue,Credit Card,0.0,0.0,0.0,258234.32,258234.32,0.0,100.0,Critical Risk
INV50571,CUST1109,Customer_110,Mid-Market,North,Online,Consulting,2.0,97283.57,15,29185.07,29768.77,0.0,Paid,Cheque,195150.84,0.0,195150.84,0.0,-195150.84,0.0,0.0,Low Risk
INV50572,CUST1126,Customer_127,Smb,South,Partner,Consulting,4.0,56636.99,10,22654.8,36700.77,240593.93,Paid,Credit Card,240593.93,0.0,240593.93,0.0,0.0,100.0,0.0,Low Risk
INV50573,CUST1048,Customer_49,Smb,West,Direct,Support Plan,3.0,23662.6,0,0.0,12777.8,83765.6,Paid,Upi,83765.6,0.0,83765.6,0.0,0.0,100.0,0.0,Low Risk
INV50574,CUST1120,Customer_121,Smb,East,Direct,Cloud Service,12.0,78989.1,20,189573.84,136493.16,894788.52,Partially Paid,Bank Transfer,561928.59,0.0,561928.59,332859.93,332859.93000000005,62.8,37.2,High Risk
INV50575,CUST1238,Customer_239,Smb,West,Partner,Cloud Service,10.0,0.0,0,0.0,154730.97,1014347.47,Paid,Debit Card,1014347.47,0.0,1014347.47,0.0,0.0,100.0,0.0,Low Risk
INV50576,CUST1010,Customer_11,Mid-Market,South,Direct,Cloud Service,3.0,21765.88,25,16324.41,8815.18,57788.41,Overdue,Upi,0.0,0.0,0.0,57788.41,57788.41,0.0,100.0,Critical Risk
INV50577,CUST1029,Customer_30,Smb,East,Partner,Consulting,8.0,112291.7,10,89833.36,145530.04,954030.28,Unpaid,Cheque,0.0,0.0,0.0,954030.28,954030.28,0.0,100.0,Critical Risk
INV50578,CUST1228,Customer_229,Smb,South,Direct,Support Plan,3.0,19763.49,25,14822.62,8004.21,52472.06,Paid,Bank Transfer,52472.06,0.0,52472.06,0.0,0.0,100.0,0.0,Low Risk
INV50579,CUST1180,Customer_181,Mid-Market,West,Partner,Software Subscription,8.0,17555.04,0,0.0,25279.26,165719.58,Paid,Debit Card,165719.58,0.0,165719.58,0.0,0.0,100.0,0.0,Low Risk
INV50580,CUST1089,Customer_90,Smb,South,Online,Cloud Service,3.0,46730.86,5,7009.63,23972.93,157155.88,Unpaid,Bank Transfer,0.0,0.0,0.0,157155.88,157155.88,0.0,100.0,Critical Risk
INV50581,CUST1063,Customer_64,Mid-Market,North,Partner,Software Subscription,6.0,44261.21,0,0.0,47802.11,313369.37,Paid,Upi,313369.37,0.0,313369.37,0.0,0.0,100.0,0.0,Low Risk
INV50582,CUST1007,Customer_8,Smb,West,Partner,Support Plan,8.0,19778.54,10,15822.83,25632.99,168038.48,Partially Paid,Cheque,34193.01,0.0,34193.01,0.0,133845.47,20.35,79.65,Critical Risk
INV50583,CUST1205,Customer_206,Mid-Market,North,Partner,Cloud Service,1.0,36300.13,0,0.0,6534.02,42834.15,Paid,Upi,42834.15,0.0,42834.15,0.0,0.0,100.0,0.0,Low Risk
INV50584,CUST1022,Customer_23,Smb,South,Direct,Consulting,3.0,81507.09,20,48904.25,35211.06,230828.08,Unpaid,Upi,0.0,0.0,0.0,230828.08,230828.08,0.0,100.0,Critical Risk
INV50585,CUST1231,Customer_232,Mid-Market,West,Partner,Consulting,6.0,40215.29,0,0.0,43432.51,284724.25,Unpaid,Debit Card,0.0,0.0,0.0,284724.25,284724.25,0.0,100.0,Critical Risk
INV50586,CUST1153,Customer_154,Smb,North,Online,Support Plan,6.0,7275.9,5,2182.77,7465.07,48937.7,Paid,Upi,48937.7,0.0,48937.7,0.0,0.0,100.0,0.0,Low Risk
INV50587,CUST1175,Customer_176,Mid-Market,West,Partner,Support Plan,9.0,8866.39,0,0.0,14363.55,94161.06,Paid,Credit Card,94161.06,0.0,94161.06,0.0,0.0,100.0,0.0,Low Risk
INV50588,CUST1133,Customer_134,Smb,West,Partner,Data Service,1.0,13786.43,0,0.0,2481.56,16267.99,Overdue,Bank Transfer,0.0,0.0,0.0,16267.99,16267.99,0.0,100.0,Critical Risk
INV50589,CUST1065,Customer_66,Mid-Market,South,Partner,Data Service,1.0,15050.84,0,0.0,2709.15,17759.99,Unpaid,Bank Transfer,0.0,0.0,0.0,17759.99,17759.99,0.0,100.0,Critical Risk
INV50590,CUST1080,Customer_81,Mid-Market,South,Direct,Support Plan,11.0,9164.82,25,25203.26,13609.76,89219.52,Partially Paid,Credit Card,32033.79,0.0,32033.79,57185.73,57185.73,35.9,64.1,Critical Risk
INV50591,CUST1027,Customer_28,Smb,West,Partner,Software Subscription,1.0,31712.37,20,6342.47,4566.58,29936.48,Paid,Debit Card,29936.48,0.0,29936.48,0.0,0.0,100.0,0.0,Low Risk
INV50592,CUST1208,Customer_209,Enterprise,South,Direct,Cloud Service,12.0,24550.41,20,58920.98,42423.11,278107.05,Unpaid,Credit Card,0.0,0.0,0.0,278107.05,278107.05,0.0,100.0,Critical Risk
INV50593,CUST1219,Customer_220,Smb,South,Direct,Support Plan,11.0,15370.02,5,8453.51,28911.01,189527.72,Partially Paid,Upi,87461.94,0.0,87461.94,102065.78,102065.78,46.15,53.85,Critical Risk
INV50594,CUST1108,Customer_109,Smb,West,Online,Consulting,3.0,109162.78,25,81872.09,44210.93,289827.18,Overdue,Credit Card,0.0,0.0,0.0,289827.18,289827.18,0.0,100.0,Critical Risk
INV50595,CUST1212,Customer_213,Enterprise,West,Partner,Software Subscription,6.0,25536.58,0,0.0,27579.51,180798.99,Paid,Debit Card,180798.99,0.0,180798.99,0.0,0.0,100.0,0.0,Low Risk
INV50596,CUST1102,Customer_103,Mid-Market,North,Partner,Data Service,12.0,42380.56,25,127141.68,68656.51,450081.55,Paid,Cheque,450081.55,0.0,450081.55,0.0,0.0,100.0,0.0,Low Risk
INV50597,CUST1228,Customer_229,Mid-Market,West,Direct,Support Plan,2.0,10169.6,25,5084.8,2745.79,18000.19,Partially Paid,Credit Card,10578.85,0.0,10578.85,7421.34,7421.339999999998,58.77,41.23,High Risk
INV50598,CUST1088,Customer_89,Smb,West,Direct,Data Service,4.0,17191.32,15,10314.79,10521.09,68971.58,Overdue,Upi,0.0,0.0,0.0,68971.58,68971.58,0.0,100.0,Critical Risk
INV50599,CUST1167,Customer_168,Mid-Market,West,Direct,Support Plan,3.0,6226.06,10,1867.82,3025.86,19836.22,Paid,Credit Card,19836.22,0.0,19836.22,0.0,0.0,100.0,0.0,Low Risk
INV50600,CUST1125,Customer_126,Smb,North,Partner,Support Plan,8.0,10068.05,10,8054.44,13048.19,85538.15,Paid,Upi,85538.15,0.0,85538.15,0.0,0.0,100.0,0.0,Low Risk
INV50601,CUST1211,Customer_212,Enterprise,South,Direct,Data Service,1.0,21765.29,0,0.0,3917.75,25683.04,Paid,Cheque,25683.04,0.0,25683.04,0.0,0.0,100.0,0.0,Low Risk
INV50602,CUST1087,Customer_88,Mid-Market,North,Online,Software Subscription,9.0,14549.39,10,13094.45,21213.01,139063.07,Overdue,Bank Transfer,0.0,0.0,0.0,139063.07,139063.07,0.0,100.0,Critical Risk
INV50603,CUST1249,Customer_250,Smb,North,Direct,Data Service,10.0,11701.23,0,0.0,21062.21,138074.51,Unpaid,Upi,0.0,0.0,0.0,138074.51,138074.51,0.0,100.0,Critical Risk
INV50604,CUST1195,Customer_196,Mid-Market,South,Partner,Software Subscription,3.0,12463.53,15,5608.59,5720.76,37502.76,Paid,Debit Card,37502.76,0.0,37502.76,0.0,0.0,100.0,0.0,Low Risk
INV50605,CUST1087,Customer_88,Smb,East,Online,Consulting,2.0,63381.77,10,12676.35,20535.69,134622.88,Paid,Credit Card,134622.88,0.0,134622.88,0.0,0.0,100.0,0.0,Low Risk
INV50606,CUST1035,Customer_36,Enterprise,East,Direct,Support Plan,7.0,11190.01,25,19582.52,10574.56,69322.11,Overdue,Debit Card,0.0,0.0,0.0,69322.11,69322.11,0.0,100.0,Critical Risk
INV50607,CUST1241,Customer_242,Smb,North,Partner,Cloud Service,6.0,39141.59,20,46969.91,33818.33,221697.96,Overdue,Bank Transfer,0.0,0.0,0.0,221697.96,221697.96,0.0,100.0,Critical Risk
INV50608,CUST1182,Customer_183,Mid-Market,East,Online,Data Service,5.0,33681.12,20,33681.12,24250.41,158974.89,Paid,Upi,158974.89,0.0,158974.89,0.0,0.0,100.0,0.0,Low Risk
INV50609,CUST1230,Customer_231,Mid-Market,West,Online,Consulting,12.0,87491.46,20,209979.5,151185.24,991103.26,Paid,Upi,991103.26,0.0,991103.26,0.0,0.0,100.0,0.0,Low Risk
INV50610,CUST1021,Customer_22,Smb,South,Direct,Cloud Service,7.0,13144.97,5,4600.74,15734.53,103148.58,Paid,Cheque,103148.58,0.0,103148.58,0.0,0.0,100.0,0.0,Low Risk
INV50611,CUST1040,Customer_41,Smb,West,Online,Data Service,10.0,49368.75,10,49368.75,79977.38,524296.13,Paid,Bank Transfer,524296.13,0.0,524296.13,0.0,0.0,100.0,0.0,Low Risk
INV50612,CUST1160,Customer_161,Mid-Market,North,Partner,Software Subscription,1.0,31232.31,0,0.0,5621.82,36854.13,Paid,Upi,36854.13,0.0,36854.13,0.0,0.0,100.0,0.0,Low Risk
INV50613,CUST1076,Customer_77,Smb,South,Direct,Data Service,11.0,11333.23,5,6233.28,21317.81,139750.06,Unpaid,Upi,0.0,0.0,0.0,139750.06,139750.06,0.0,100.0,Critical Risk
INV50614,CUST1025,Customer_26,Smb,South,Partner,Support Plan,7.0,31207.36,0,0.0,39321.27,257772.79,Paid,Credit Card,257772.79,0.0,257772.79,0.0,0.0,100.0,0.0,Low Risk
INV50615,CUST1173,Customer_174,Mid-Market,West,Partner,Data Service,6.0,55806.24,20,100451.23,72324.89,474129.82,Overdue,Debit Card,0.0,0.0,0.0,474129.82,474129.82,0.0,100.0,Critical Risk
INV50616,CUST1129,Customer_130,Smb,East,Direct,Support Plan,3.0,6832.34,0,0.0,3689.46,24186.48,Partially Paid,Cheque,11446.48,2916.35,8530.13,15656.35,15656.35,35.27,64.73,Critical Risk
INV50617,CUST1094,Customer_95,Mid-Market,East,Partner,Software Subscription,9.0,18244.47,5,8210.01,28078.24,184068.46,Paid,Upi,184068.46,0.0,184068.46,0.0,0.0,100.0,0.0,Low Risk
INV50618,CUST1036,Customer_37,Mid-Market,West,Direct,Support Plan,1.0,29186.04,10,2918.6,4728.14,30995.58,Overdue,Bank Transfer,0.0,0.0,0.0,30995.58,30995.58,0.0,100.0,Critical Risk
INV50619,CUST1106,Customer_107,Mid-Market,West,Online,Cloud Service,10.0,69860.78,25,174651.95,94312.05,618267.9,Overdue,Cheque,0.0,0.0,0.0,618267.9,618267.9,0.0,100.0,Critical Risk
INV50620,CUST1162,Customer_163,Mid-Market,North,Online,Support Plan,11.0,10535.63,25,28972.98,15645.41,102564.36,Paid,Cheque,102564.36,0.0,102564.36,0.0,0.0,100.0,0.0,Low Risk
INV50621,CUST1230,Customer_231,Smb,South,Online,Data Service,1.0,18095.51,25,4523.88,2442.89,16014.52,Unpaid,Bank Transfer,0.0,0.0,0.0,16014.52,16014.52,0.0,100.0,Critical Risk
INV50622,CUST1143,Customer_144,Smb,West,Online,Data Service,9.0,26635.02,0,0.0,43148.73,282863.91,Overdue,Bank Transfer,0.0,0.0,0.0,282863.91,282863.91,0.0,100.0,Critical Risk
INV50623,CUST1070,Customer_71,Mid-Market,East,Partner,Consulting,12.0,65874.91,25,197624.73,106717.35,699591.54,Paid,Cheque,699591.54,0.0,699591.54,0.0,0.0,100.0,0.0,Low Risk
INV50624,CUST1087,Customer_88,Smb,North,Online,Support Plan,1.0,23547.64,15,3532.15,3602.79,23618.28,Paid,Credit Card,23618.28,0.0,23618.28,0.0,0.0,100.0,0.0,Low Risk
INV50625,CUST1065,Customer_66,Mid-Market,South,Direct,Consulting,5.0,53735.93,20,53735.93,38689.87,253633.59,Partially Paid,Bank Transfer,59692.22,0.0,59692.22,193941.37,193941.37,23.53,76.47,Critical Risk
INV50626,CUST1081,Customer_82,Smb,North,Direct,Cloud Service,5.0,47002.78,20,47002.78,33842.0,221853.12,Overdue,Credit Card,0.0,0.0,0.0,221853.12,221853.12,0.0,100.0,Critical Risk
INV50627,CUST1192,Customer_193,Mid-Market,North,Partner,Software Subscription,5.0,35656.42,0,0.0,32090.78,210372.88,Paid,Bank Transfer,210372.88,0.0,210372.88,0.0,0.0,100.0,0.0,Low Risk
INV50628,CUST1068,Customer_69,Mid-Market,South,Partner,Data Service,11.0,8944.21,0,0.0,17709.54,116095.85,Paid,Cheque,116095.85,0.0,116095.85,0.0,0.0,100.0,0.0,Low Risk
INV50629,CUST1216,Customer_217,Mid-Market,South,Online,Consulting,3.0,41505.88,15,18677.65,19051.2,124891.19,Paid,Debit Card,124891.19,0.0,124891.19,0.0,0.0,100.0,0.0,Low Risk
INV50630,CUST1208,Customer_209,Mid-Market,West,Partner,Data Service,5.0,44807.53,5,11201.88,38310.44,251146.21,Paid,Cheque,251146.21,0.0,251146.21,0.0,0.0,100.0,0.0,Low Risk
INV50631,CUST1215,Customer_216,Mid-Market,North,Partner,Data Service,9.0,54445.96,10,49001.36,79382.21,520394.49,Paid,Bank Transfer,520394.49,0.0,520394.49,0.0,0.0,100.0,0.0,Low Risk
INV50632,CUST1185,Customer_186,Mid-Market,East,Online,Cloud Service,7.0,50934.2,10,35653.94,57759.38,378644.84,Partially Paid,Upi,293241.61,0.0,293241.61,85403.23,85403.23000000004,77.45,22.55,Medium Risk
INV50633,CUST1169,Customer_170,Enterprise,South,Online,Cloud Service,4.0,52569.08,25,52569.08,28387.3,186094.54,Overdue,Bank Transfer,0.0,0.0,0.0,186094.54,186094.54,0.0,100.0,Critical Risk
INV50634,CUST1172,Customer_173,Smb,North,Online,Data Service,12.0,12680.12,25,38040.36,20541.79,134662.87,Unpaid,Bank Transfer,0.0,0.0,0.0,134662.87,134662.87,0.0,100.0,Critical Risk
INV50635,CUST1248,Customer_249,Enterprise,North,Direct,Data Service,6.0,30712.86,20,36855.43,26535.91,173957.64,Paid,Debit Card,173957.64,0.0,173957.64,0.0,0.0,100.0,0.0,Low Risk
INV50636,CUST1002,Customer_3,Smb,East,Online,Software Subscription,5.0,27706.84,15,20780.13,21195.73,138949.8,Paid,Credit Card,138949.8,0.0,138949.8,0.0,0.0,100.0,0.0,Low Risk
INV50637,CUST1009,Customer_10,Smb,West,Direct,Data Service,4.0,19850.94,0,0.0,14292.68,93696.44,Paid,Upi,93696.44,0.0,93696.44,0.0,0.0,100.0,0.0,Low Risk
INV50638,CUST1049,Customer_50,Mid-Market,North,Direct,Data Service,11.0,21269.89,5,11698.44,40008.66,262279.01,Paid,Upi,262279.01,0.0,262279.01,0.0,0.0,100.0,0.0,Low Risk
INV50639,CUST1217,Customer_218,Mid-Market,North,Partner,Data Service,10.0,26996.06,10,26996.06,43733.62,286698.16,Partially Paid,Debit Card,209249.85,69438.73,139811.12,146887.04,146887.03999999998,48.77,51.23,Critical Risk
INV50640,CUST1174,Customer_175,Mid-Market,East,Partner,Support Plan,6.0,5602.14,0,0.0,6050.31,39663.15,Overdue,Cheque,0.0,0.0,0.0,39663.15,39663.15,0.0,100.0,Critical Risk
INV50641,CUST1100,Customer_101,Smb,West,Direct,Software Subscription,10.0,19916.93,0,0.0,35850.47,235019.77,Overdue,Credit Card,0.0,0.0,0.0,235019.77,235019.77,0.0,100.0,Critical Risk
INV50642,CUST1079,Customer_80,Smb,East,Partner,Software Subscription,1.0,15823.58,25,3955.89,2136.18,14003.87,Paid,Credit Card,14003.87,5724.07,8279.8,5724.07,5724.0700000000015,59.13,40.87,High Risk
INV50643,CUST1245,Customer_246,Smb,West,Direct,Software Subscription,6.0,20117.4,10,12070.44,19554.11,128188.07,Overdue,Debit Card,0.0,0.0,0.0,128188.07,128188.07,0.0,100.0,Critical Risk
INV50644,CUST1234,Customer_235,Smb,West,Direct,Cloud Service,12.0,19580.97,0,0.0,42294.9,277266.54,Unpaid,Upi,0.0,0.0,0.0,277266.54,277266.54,0.0,100.0,Critical Risk
INV50645,CUST1173,Customer_174,Smb,West,Direct,Software Subscription,5.0,40949.51,20,40949.51,29483.65,193281.69,Paid,Cheque,193281.69,0.0,193281.69,0.0,0.0,100.0,0.0,Low Risk
INV50646,CUST1118,Customer_119,Mid-Market,North,Partner,Data Service,10.0,38460.4,0,0.0,69228.72,453832.72,Paid,Cheque,453832.72,0.0,453832.72,0.0,0.0,100.0,0.0,Low Risk
INV50647,CUST1026,Customer_27,Smb,East,Partner,Software Subscription,10.0,33126.79,10,33126.79,53665.4,351806.51,Overdue,Debit Card,0.0,0.0,0.0,351806.51,351806.51,0.0,100.0,Critical Risk
INV50648,CUST1062,Customer_63,Smb,East,Partner,Software Subscription,1.0,37199.34,5,1859.97,6361.09,41700.46,Paid,Cheque,41700.46,0.0,41700.46,0.0,0.0,100.0,0.0,Low Risk
INV50649,CUST1079,Customer_80,Mid-Market,South,Direct,Cloud Service,6.0,49875.38,0,0.0,53865.41,353117.69,Paid,Credit Card,353117.69,0.0,353117.69,0.0,0.0,100.0,0.0,Low Risk
INV50650,CUST1050,Customer_51,Enterprise,West,Online,Consulting,2.0,24126.63,15,7237.99,7382.75,48398.02,Paid,Upi,48398.02,0.0,48398.02,0.0,0.0,100.0,0.0,Low Risk
INV50651,CUST1084,Customer_85,Smb,South,Partner,Support Plan,1.0,21113.2,25,5278.3,2850.28,18685.18,Paid,Cheque,18685.18,2809.53,15875.65,2809.53,2809.5300000000007,84.96,15.04,Medium Risk
INV50652,CUST1188,Customer_189,Mid-Market,North,Partner,Cloud Service,12.0,56947.29,20,136673.5,98404.92,645098.9,Paid,Bank Transfer,645098.9,0.0,645098.9,0.0,0.0,100.0,0.0,Low Risk
INV50653,CUST1142,Customer_143,Smb,North,Direct,Cloud Service,8.0,69635.16,10,55708.13,90247.17,591620.32,Partially Paid,Credit Card,442310.29,0.0,442310.29,149310.03,149310.02999999997,74.76,25.24,Medium Risk
INV50654,CUST1226,Customer_227,Smb,North,Direct,Consulting,6.0,60324.25,10,36194.55,58635.17,384386.12,Paid,Credit Card,384386.12,165015.67,219370.45,165015.67,165015.66999999998,57.07,42.93,High Risk
INV50655,CUST1239,Customer_240,Smb,West,Online,Support Plan,4.0,8827.41,15,5296.45,5402.37,35415.56,Unpaid,Bank Transfer,0.0,0.0,0.0,35415.56,35415.56,0.0,100.0,Critical Risk
INV50656,CUST1203,Customer_204,Smb,South,Direct,Data Service,7.0,22040.12,15,23142.13,23604.97,154743.68,Paid,Cheque,154743.68,0.0,154743.68,0.0,0.0,100.0,0.0,Low Risk
INV50657,CUST1083,Customer_84,Smb,West,Online,Cloud Service,3.0,39046.58,25,29284.94,15813.86,103668.66,Paid,Cheque,103668.66,0.0,103668.66,0.0,0.0,100.0,0.0,Low Risk
INV50658,CUST1099,Customer_100,Mid-Market,East,Online,Data Service,6.0,41233.61,25,61850.42,33399.22,218950.46,Paid,Debit Card,218950.46,0.0,218950.46,0.0,0.0,100.0,0.0,Low Risk
INV50659,CUST1148,Customer_149,Smb,West,Direct,Data Service,11.0,37251.25,0,0.0,73757.47,483521.22,Paid,Debit Card,483521.22,0.0,483521.22,0.0,0.0,100.0,0.0,Low Risk
INV50660,CUST1227,Customer_228,Smb,North,Partner,Consulting,6.0,52390.16,10,31434.1,50923.23,333830.09,Paid,Debit Card,333830.09,0.0,333830.09,0.0,0.0,100.0,0.0,Low Risk
INV50661,CUST1010,Customer_11,Mid-Market,East,Partner,Data Service,6.0,59285.31,20,71142.37,51222.51,335792.0,Paid,Upi,335792.0,0.0,335792.0,0.0,0.0,100.0,0.0,Low Risk
INV50662,CUST1045,Customer_46,Smb,North,Partner,Cloud Service,11.0,58461.99,0,0.0,115754.74,758836.63,Paid,Credit Card,758836.63,0.0,758836.63,0.0,0.0,100.0,0.0,Low Risk
INV50663,CUST1092,Customer_93,Smb,East,Direct,Consulting,6.0,39908.81,10,23945.29,38791.36,254298.93,Partially Paid,Cheque,89008.23,0.0,89008.23,165290.7,165290.7,35.0,65.0,Critical Risk
INV50664,CUST1197,Customer_198,Smb,North,Partner,Cloud Service,7.0,18142.6,20,25399.64,18287.74,119886.3,Unpaid,Cheque,0.0,0.0,0.0,119886.3,119886.3,0.0,100.0,Critical Risk
INV50665,CUST1058,Customer_59,Mid-Market,West,Online,Consulting,8.0,31050.21,10,24840.17,40241.07,263802.58,Paid,Debit Card,263802.58,0.0,0.0,0.0,263802.58,0.0,100.0,Critical Risk
INV50666,CUST1216,Customer_217,Smb,East,Direct,Support Plan,4.0,12378.73,25,12378.73,6684.51,43820.7,Paid,Cheque,43820.7,0.0,43820.7,0.0,0.0,100.0,0.0,Low Risk
INV50667,CUST1127,Customer_128,Enterprise,West,Online,Cloud Service,6.0,22854.51,10,13712.71,22214.58,145628.93,Paid,Cheque,145628.93,0.0,145628.93,0.0,0.0,100.0,0.0,Low Risk
INV50668,CUST1005,Customer_6,Mid-Market,West,Partner,Software Subscription,3.0,14902.98,5,2235.45,7645.23,50118.72,Overdue,Credit Card,0.0,0.0,0.0,50118.72,50118.72,0.0,100.0,Critical Risk
INV50669,CUST1098,Customer_99,Smb,South,Direct,Software Subscription,6.0,18548.52,25,27822.78,15024.3,98492.64,Partially Paid,Cheque,37701.73,0.0,37701.73,60790.91,60790.909999999996,38.28,61.72,Critical Risk
INV50670,CUST1050,Customer_51,Smb,North,Partner,Support Plan,5.0,10201.21,10,5100.6,8262.98,54168.43,Paid,Bank Transfer,54168.43,0.0,54168.43,0.0,0.0,100.0,0.0,Low Risk
INV50671,CUST1083,Customer_84,Enterprise,West,Partner,Support Plan,7.0,31902.96,5,11166.04,38187.84,250342.52,Overdue,Bank Transfer,0.0,0.0,0.0,250342.52,250342.52,0.0,100.0,Critical Risk
INV50672,CUST1222,Customer_223,Smb,East,Online,Support Plan,12.0,7407.01,25,22221.03,11999.36,78662.45,Paid,Credit Card,78662.45,0.0,78662.45,0.0,0.0,100.0,0.0,Low Risk
INV50673,CUST1001,Customer_2,Enterprise,West,Partner,Support Plan,2.0,20735.34,20,8294.14,5971.78,39148.32,Partially Paid,Debit Card,13627.69,0.0,13627.69,25520.63,25520.629999999997,34.81,65.19,Critical Risk
INV50674,CUST1165,Customer_166,Enterprise,South,Partner,Support Plan,6.0,17311.9,10,10387.14,16827.17,110311.43,Paid,Credit Card,110311.43,0.0,110311.43,0.0,0.0,100.0,0.0,Low Risk
INV50675,CUST1098,Customer_99,Enterprise,South,Direct,Consulting,12.0,0.0,0,0.0,255203.46,1673000.46,Paid,Upi,1673000.46,0.0,1673000.46,0.0,0.0,100.0,0.0,Low Risk
INV50676,CUST1232,Customer_233,Mid-Market,East,Partner,Data Service,2.0,12938.06,15,3881.42,3959.05,25953.75,Paid,Debit Card,25953.75,0.0,25953.75,0.0,0.0,100.0,0.0,Low Risk
INV50677,CUST1129,Customer_130,Smb,South,Partner,Software Subscription,2.0,22720.66,25,11360.33,6134.58,40215.57,Paid,Bank Transfer,40215.57,0.0,40215.57,0.0,0.0,100.0,0.0,Low Risk
INV50678,CUST1181,Customer_182,Enterprise,South,Online,Cloud Service,11.0,87557.63,25,240783.48,130023.08,852373.53,Paid,Debit Card,852373.53,0.0,852373.53,0.0,0.0,100.0,0.0,Low Risk
INV50679,CUST1215,Customer_216,Smb,West,Direct,Software Subscription,10.0,40023.76,0,0.0,72042.77,472280.37,Paid,Bank Transfer,472280.37,0.0,472280.37,0.0,0.0,100.0,0.0,Low Risk
INV50680,CUST1112,Customer_113,Smb,West,Online,Consulting,12.0,100792.57,0,0.0,217711.95,1427222.79,Overdue,Bank Transfer,0.0,0.0,0.0,1427222.79,1427222.79,0.0,100.0,Critical Risk
INV50681,CUST1113,Customer_114,Smb,East,Direct,Software Subscription,1.0,17542.4,20,3508.48,2526.11,16560.03,Unpaid,Credit Card,0.0,0.0,0.0,16560.03,16560.03,0.0,100.0,Critical Risk
INV50682,CUST1007,Customer_8,Enterprise,South,Online,Cloud Service,4.0,23671.01,0,0.0,17043.13,111727.17,Paid,Credit Card,111727.17,0.0,111727.17,0.0,0.0,100.0,0.0,Low Risk
INV50683,CUST1027,Customer_28,Enterprise,West,Direct,Cloud Service,9.0,63491.46,10,57142.31,92570.55,606851.38,Partially Paid,Credit Card,461568.99,0.0,461568.99,145282.39,145282.39,76.06,23.94,Medium Risk
INV50684,CUST1082,Customer_83,Smb,South,Direct,Support Plan,11.0,32881.28,15,54254.11,55339.19,362779.16,Paid,Upi,362779.16,0.0,362779.16,0.0,0.0,100.0,0.0,Low Risk
INV50685,CUST1226,Customer_227,Smb,South,Partner,Cloud Service,10.0,54541.03,25,136352.58,73630.39,482688.11,Overdue,Bank Transfer,0.0,0.0,0.0,482688.11,482688.11,0.0,100.0,Critical Risk
INV50686,CUST1236,Customer_237,Enterprise,West,Direct,Consulting,6.0,75019.33,5,22505.8,76969.83,504580.01,Partially Paid,Upi,368535.26,0.0,368535.26,136044.75,136044.75,73.04,26.96,Medium Risk
INV50687,CUST1130,Customer_131,Mid-Market,North,Partner,Consulting,9.0,44397.8,0,0.0,71924.44,471504.64,Paid,Credit Card,471504.64,0.0,471504.64,0.0,0.0,100.0,0.0,Low Risk
INV50688,CUST1020,Customer_21,Smb,North,Direct,Cloud Service,8.0,71559.43,10,57247.54,92741.02,607968.92,Paid,Cheque,607968.92,0.0,607968.92,0.0,0.0,100.0,0.0,Low Risk
INV50689,CUST1071,Customer_72,Smb,East,Partner,Software Subscription,9.0,14920.62,20,26857.12,19337.12,126765.58,Partially Paid,Credit Card,47292.82,47292.82,0.0,126765.58,126765.58,0.0,100.0,Critical Risk
INV50690,CUST1063,Customer_64,Enterprise,North,Direct,Consulting,10.0,48986.32,20,97972.64,70540.3,462430.86,Paid,Debit Card,462430.86,0.0,462430.86,0.0,0.0,100.0,0.0,Low Risk
INV50691,CUST1162,Customer_163,Enterprise,South,Direct,Consulting,3.0,59670.83,0,0.0,32222.25,211234.74,Paid,Cheque,211234.74,0.0,211234.74,0.0,0.0,100.0,0.0,Low Risk
INV50692,CUST1079,Customer_80,Smb,East,Online,Consulting,4.0,68299.09,20,54639.27,39340.28,257897.37,Paid,Debit Card,257897.37,0.0,257897.37,0.0,0.0,100.0,0.0,Low Risk
INV50693,CUST1020,Customer_21,Enterprise,West,Direct,Cloud Service,7.0,29392.78,20,41149.89,29627.92,194227.49,Paid,Debit Card,194227.49,0.0,194227.49,0.0,0.0,100.0,0.0,Low Risk
INV50694,CUST1218,Customer_219,Smb,West,Partner,Cloud Service,10.0,19186.95,5,9593.48,32809.68,215085.7,Paid,Upi,215085.7,0.0,215085.7,0.0,0.0,100.0,0.0,Low Risk
INV50695,CUST1143,Customer_144,Mid-Market,South,Direct,Software Subscription,6.0,30592.94,5,9177.88,31388.36,205768.12,Unpaid,Bank Transfer,0.0,0.0,0.0,205768.12,205768.12,0.0,100.0,Critical Risk
INV50696,CUST1236,Customer_237,Smb,North,Partner,Support Plan,12.0,13658.92,15,24586.06,25077.78,164398.76,Paid,Bank Transfer,164398.76,0.0,164398.76,0.0,0.0,100.0,0.0,Low Risk
INV50697,CUST1041,Customer_42,Smb,East,Online,Support Plan,5.0,22437.15,15,16827.86,17164.42,112522.31,Paid,Bank Transfer,112522.31,0.0,112522.31,0.0,0.0,100.0,0.0,Low Risk
INV50698,CUST1062,Customer_63,Mid-Market,West,Online,Cloud Service,11.0,22349.02,0,0.0,44251.06,290090.28,Partially Paid,Credit Card,170341.05,0.0,170341.05,119749.23,119749.23000000004,58.72,41.28,High Risk
INV50699,CUST1148,Customer_149,Enterprise,West,Partner,Consulting,1.0,65519.71,0,0.0,11793.55,77313.26,Unpaid,Cheque,0.0,0.0,0.0,77313.26,77313.26,0.0,100.0,Critical Risk
INV50700,CUST1042,Customer_43,Enterprise,West,Online,Cloud Service,12.0,52607.15,10,63128.58,102268.3,670425.52,Paid,Upi,670425.52,0.0,670425.52,0.0,0.0,100.0,0.0,Low Risk
INV50701,CUST1162,Customer_163,Mid-Market,West,Online,Cloud Service,3.0,14145.88,10,4243.76,6874.9,45068.78,Unpaid,Upi,0.0,0.0,0.0,45068.78,45068.78,0.0,100.0,Critical Risk
INV50702,CUST1000,Customer_1,Smb,East,Direct,Support Plan,9.0,15098.13,20,27176.63,19567.18,128273.72,Partially Paid,Credit Card,82072.78,0.0,82072.78,46200.94,46200.94,63.98,36.02,High Risk
INV50703,CUST1128,Customer_129,Enterprise,South,Partner,Support Plan,10.0,9032.44,10,9032.44,14632.55,95924.51,Paid,Debit Card,95924.51,12683.93,83240.58,12683.93,12683.929999999993,86.78,13.22,Medium Risk
INV50704,CUST1042,Customer_43,Smb,South,Partner,Software Subscription,7.0,10344.87,0,0.0,13034.54,85448.63,Paid,Debit Card,85448.63,0.0,85448.63,0.0,0.0,100.0,0.0,Low Risk
INV50705,CUST1068,Customer_69,Mid-Market,North,Partner,Software Subscription,11.0,44628.53,0,0.0,88364.49,579278.32,Paid,Cheque,579278.32,0.0,579278.32,0.0,0.0,100.0,0.0,Low Risk
INV50706,CUST1193,Customer_194,Smb,South,Partner,Support Plan,6.0,14670.62,15,13203.56,13467.63,88287.79,Partially Paid,Debit Card,35831.29,0.0,35831.29,52456.5,52456.49999999999,40.58,59.42,Critical Risk
INV50707,CUST1223,Customer_224,Smb,South,Direct,Software Subscription,1.0,37965.35,25,9491.34,5125.32,33599.33,Overdue,Cheque,0.0,0.0,0.0,33599.33,33599.33,0.0,100.0,Critical Risk
INV50708,CUST1094,Customer_95,Mid-Market,East,Direct,Support Plan,9.0,12639.22,20,22750.6,16380.43,107382.81,Partially Paid,Upi,21678.17,0.0,21678.17,85704.64,85704.64,20.19,79.81,Critical Risk
INV50709,CUST1113,Customer_114,Smb,West,Online,Support Plan,7.0,25445.08,0,0.0,32060.8,210176.36,Paid,Bank Transfer,210176.36,0.0,210176.36,0.0,0.0,100.0,0.0,Low Risk
INV50710,CUST1049,Customer_50,Mid-Market,East,Online,Data Service,10.0,47292.08,0,0.0,85125.74,558046.54,Paid,Cheque,558046.54,0.0,558046.54,0.0,0.0,100.0,0.0,Low Risk
INV50711,CUST1244,Customer_245,Smb,North,Direct,Data Service,4.0,38568.85,10,15427.54,24992.61,163840.47,Paid,Debit Card,163840.47,0.0,163840.47,0.0,0.0,100.0,0.0,Low Risk
INV50712,CUST1231,Customer_232,Smb,South,Online,Cloud Service,4.0,47726.1,10,19090.44,30926.51,202740.47,Partially Paid,Debit Card,156293.1,0.0,156293.1,46447.37,46447.369999999995,77.09,22.91,Medium Risk
INV50713,CUST1238,Customer_239,Mid-Market,West,Online,Data Service,2.0,28827.57,15,8648.27,8821.24,57828.11,Paid,Cheque,57828.11,0.0,57828.11,0.0,0.0,100.0,0.0,Low Risk
INV50714,CUST1066,Customer_67,Smb,South,Online,Software Subscription,2.0,20908.13,0,0.0,7526.93,49343.19,Paid,Bank Transfer,49343.19,0.0,49343.19,0.0,0.0,100.0,0.0,Low Risk
INV50715,CUST1244,Customer_245,Smb,West,Partner,Software Subscription,5.0,42392.58,0,0.0,38153.32,250116.22,Partially Paid,Upi,78515.13,0.0,78515.13,171601.09,171601.09,31.39,68.61,Critical Risk
INV50716,CUST1101,Customer_102,Smb,South,Partner,Support Plan,6.0,29918.58,5,8975.57,30696.46,201232.37,Unpaid,Debit Card,0.0,0.0,0.0,201232.37,201232.37,0.0,100.0,Critical Risk
INV50717,CUST1191,Customer_192,Mid-Market,North,Partner,Software Subscription,10.0,43706.0,15,65559.0,66870.18,438371.18,Paid,Cheque,438371.18,0.0,438371.18,0.0,0.0,100.0,0.0,Low Risk
INV50718,CUST1074,Customer_75,Mid-Market,South,Online,Support Plan,1.0,8728.92,15,1309.34,1335.52,8755.1,Paid,Bank Transfer,8755.1,0.0,8755.1,0.0,0.0,100.0,0.0,Low Risk
INV50719,CUST1076,Customer_77,Enterprise,East,Partner,Consulting,1.0,91741.08,20,18348.22,13210.71,86603.57,Paid,Debit Card,86603.57,0.0,86603.57,0.0,0.0,100.0,0.0,Low Risk
INV50720,CUST1178,Customer_179,Enterprise,North,Online,Data Service,7.0,56732.04,0,0.0,71482.37,468606.65,Paid,Upi,468606.65,0.0,468606.65,0.0,0.0,100.0,0.0,Low Risk
INV50721,CUST1035,Customer_36,Smb,South,Online,Support Plan,5.0,10436.99,5,2609.25,8923.63,58499.33,Paid,Bank Transfer,58499.33,0.0,58499.33,0.0,0.0,100.0,0.0,Low Risk
INV50722,CUST1201,Customer_202,Enterprise,West,Direct,Consulting,7.0,21982.11,20,30774.95,22157.97,145257.79,Partially Paid,Bank Transfer,43712.97,30505.99,13206.98,132050.81,132050.81,9.09,90.91,Critical Risk
INV50723,CUST1111,Customer_112,Enterprise,East,Online,Support Plan,4.0,27233.62,0,0.0,19608.21,128542.69,Paid,Cheque,128542.69,0.0,128542.69,0.0,0.0,100.0,0.0,Low Risk
INV50724,CUST1168,Customer_169,Smb,East,Direct,Support Plan,11.0,22234.19,20,48915.22,35218.96,230879.83,Paid,Bank Transfer,230879.83,0.0,230879.83,0.0,0.0,100.0,0.0,Low Risk
INV50725,CUST1125,Customer_126,Mid-Market,North,Online,Data Service,4.0,51616.93,0,0.0,37164.19,243631.91,Partially Paid,Credit Card,193056.26,0.0,193056.26,50575.65,50575.649999999994,79.24,20.76,Medium Risk
INV50726,CUST1179,Customer_180,Smb,South,Partner,Data Service,3.0,14407.94,0,0.0,7780.29,51004.11,Paid,Bank Transfer,51004.11,0.0,51004.11,0.0,0.0,100.0,0.0,Low Risk
INV50727,CUST1132,Customer_133,Enterprise,North,Direct,Data Service,12.0,49149.17,0,0.0,106162.21,695952.25,Unpaid,Cheque,0.0,0.0,0.0,695952.25,695952.25,0.0,100.0,Critical Risk
INV50728,CUST1114,Customer_115,Enterprise,North,Online,Software Subscription,1.0,15460.21,5,773.01,2643.7,17330.9,Paid,Upi,17330.9,0.0,17330.9,0.0,0.0,100.0,0.0,Low Risk
INV50729,CUST1129,Customer_130,Smb,South,Partner,Data Service,3.0,15673.76,20,9404.26,6771.06,44388.08,Overdue,Bank Transfer,0.0,0.0,0.0,44388.08,44388.08,0.0,100.0,Critical Risk
INV50730,CUST1147,Customer_148,Mid-Market,North,Direct,Cloud Service,9.0,23141.26,15,31240.7,31865.52,208896.16,Partially Paid,Bank Transfer,105775.45,0.0,105775.45,103120.71,103120.71,50.64,49.36,High Risk
INV50731,CUST1219,Customer_220,Enterprise,West,Direct,Consulting,10.0,100530.35,10,100530.35,162859.17,1067632.32,Partially Paid,Cheque,391220.44,0.0,391220.44,676411.88,676411.8800000001,36.64,63.36,Critical Risk
INV50732,CUST1166,Customer_167,Enterprise,South,Online,Support Plan,8.0,24955.92,0,0.0,35936.52,235583.88,Overdue,Credit Card,0.0,0.0,0.0,235583.88,235583.88,0.0,100.0,Critical Risk
INV50733,CUST1178,Customer_179,Mid-Market,West,Partner,Cloud Service,10.0,51845.23,5,25922.62,88655.34,581185.02,Paid,Bank Transfer,581185.02,0.0,581185.02,0.0,0.0,100.0,0.0,Low Risk
INV50734,CUST1031,Customer_32,Mid-Market,East,Partner,Data Service,7.0,26018.02,0,0.0,32782.71,214908.85,Paid,Credit Card,214908.85,0.0,214908.85,0.0,0.0,100.0,0.0,Low Risk
INV50735,CUST1025,Customer_26,Smb,East,Online,Consulting,7.0,107106.06,0,0.0,134953.64,884696.06,Unpaid,Debit Card,0.0,0.0,0.0,884696.06,884696.06,0.0,100.0,Critical Risk
INV50736,CUST1221,Customer_222,Smb,West,Direct,Cloud Service,10.0,41395.61,0,0.0,74512.1,488468.2,Overdue,Upi,0.0,0.0,0.0,488468.2,488468.2,0.0,100.0,Critical Risk
INV50737,CUST1032,Customer_33,Smb,East,Direct,Data Service,12.0,50279.77,5,30167.86,103174.09,676363.47,Partially Paid,Upi,193170.82,0.0,193170.82,483192.65,483192.64999999997,28.56,71.44,Critical Risk
INV50738,CUST1046,Customer_47,Smb,South,Partner,Cloud Service,8.0,45130.79,10,36104.63,58489.5,383431.19,Paid,Bank Transfer,383431.19,0.0,383431.19,0.0,0.0,100.0,0.0,Low Risk
INV50739,CUST1216,Customer_217,Smb,North,Direct,Software Subscription,2.0,21946.94,10,4389.39,7110.81,46615.3,Overdue,Upi,0.0,0.0,0.0,46615.3,46615.3,0.0,100.0,Critical Risk
INV50740,CUST1173,Customer_174,Mid-Market,North,Partner,Consulting,8.0,63581.38,25,127162.76,68667.89,450156.17,Paid,Bank Transfer,450156.17,0.0,450156.17,0.0,0.0,100.0,0.0,Low Risk
INV50741,CUST1179,Customer_180,Mid-Market,South,Direct,Cloud Service,4.0,34110.23,0,0.0,24559.37,161000.29,Partially Paid,Bank Transfer,125385.16,0.0,125385.16,35615.13,35615.130000000005,77.88,22.12,Medium Risk
INV50742,CUST1090,Customer_91,Enterprise,East,Online,Support Plan,8.0,27428.28,20,43885.25,31597.38,207138.37,Paid,Credit Card,207138.37,0.0,207138.37,0.0,0.0,100.0,0.0,Low Risk
INV50743,CUST1123,Customer_124,Smb,North,Partner,Consulting,1.0,67785.64,20,13557.13,9761.13,63989.64,Paid,Cheque,63989.64,0.0,63989.64,0.0,0.0,100.0,0.0,Low Risk
INV50744,CUST1001,Customer_2,Mid-Market,South,Partner,Cloud Service,5.0,28577.02,15,21432.76,21861.42,143313.76,Paid,Upi,143313.76,0.0,143313.76,0.0,0.0,100.0,0.0,Low Risk
INV50745,CUST1125,Customer_126,Smb,North,Direct,Data Service,9.0,54677.45,5,24604.85,84148.6,551640.8,Paid,Upi,551640.8,0.0,551640.8,0.0,0.0,100.0,0.0,Low Risk
INV50746,CUST1095,Customer_96,Smb,West,Direct,Support Plan,3.0,16516.74,10,4955.02,8027.14,52622.34,Paid,Credit Card,52622.34,0.0,52622.34,0.0,0.0,100.0,0.0,Low Risk
INV50747,CUST1091,Customer_92,Enterprise,West,Online,Consulting,2.0,72073.05,10,14414.61,23351.67,153083.16,Paid,Upi,153083.16,0.0,153083.16,0.0,0.0,100.0,0.0,Low Risk
INV50748,CUST1050,Customer_51,Enterprise,South,Partner,Cloud Service,2.0,82517.77,20,33007.11,23765.12,155793.55,Paid,Debit Card,155793.55,0.0,155793.55,0.0,0.0,100.0,0.0,Low Risk
INV50749,CUST1245,Customer_246,Smb,North,Online,Software Subscription,3.0,31096.81,5,4664.52,15952.66,104578.57,Paid,Upi,104578.57,37438.81,67139.76,37438.81,37438.81000000001,64.2,35.8,High Risk
INV50750,CUST1122,Customer_123,Smb,South,Direct,Support Plan,2.0,8506.94,20,3402.78,2450.0,16061.1,Paid,Upi,16061.1,0.0,16061.1,0.0,0.0,100.0,0.0,Low Risk
INV50751,CUST1170,Customer_171,Enterprise,South,Direct,Consulting,8.0,113682.37,0,0.0,163702.61,1073161.57,Unpaid,Cheque,0.0,0.0,0.0,1073161.57,1073161.57,0.0,100.0,Critical Risk
INV50752,CUST1033,Customer_34,Smb,North,Direct,Cloud Service,4.0,60216.64,5,12043.33,41188.18,270011.41,Paid,Debit Card,270011.41,0.0,270011.41,0.0,0.0,100.0,0.0,Low Risk
INV50753,CUST1059,Customer_60,Smb,East,Direct,Support Plan,8.0,15047.17,0,0.0,21667.92,142045.28,Paid,Upi,142045.28,0.0,142045.28,0.0,0.0,100.0,0.0,Low Risk
INV50754,CUST1182,Customer_183,Smb,South,Partner,Cloud Service,1.0,21141.77,5,1057.09,3615.24,23699.92,Paid,Debit Card,23699.92,9127.78,14572.14,9127.78,9127.779999999999,61.49,38.51,High Risk
INV50755,CUST1047,Customer_48,Smb,North,Online,Support Plan,6.0,28820.76,15,25938.68,26457.46,173443.34,Paid,Cheque,173443.34,0.0,173443.34,0.0,0.0,100.0,0.0,Low Risk
INV50756,CUST1189,Customer_190,Enterprise,West,Direct,Data Service,9.0,39863.86,15,53816.21,54892.54,359851.07,Paid,Bank Transfer,359851.07,0.0,359851.07,0.0,0.0,100.0,0.0,Low Risk
INV50757,CUST1150,Customer_151,Enterprise,East,Partner,Consulting,4.0,71013.41,25,71013.41,38347.24,251387.47,Overdue,Debit Card,0.0,0.0,0.0,251387.47,251387.47,0.0,100.0,Critical Risk
INV50758,CUST1032,Customer_33,Smb,East,Partner,Data Service,12.0,54376.31,10,65251.57,105707.55,692971.7,Overdue,Debit Card,0.0,0.0,0.0,692971.7,692971.7,0.0,100.0,Critical Risk
INV50759,CUST1123,Customer_124,Smb,North,Online,Data Service,1.0,48795.65,5,2439.78,8344.06,54699.93,Partially Paid,Bank Transfer,33805.86,0.0,33805.86,20894.07,20894.07,61.8,38.2,High Risk
INV50760,CUST1175,Customer_176,Mid-Market,West,Partner,Data Service,2.0,15038.77,5,1503.88,5143.26,33716.92,Paid,Cheque,33716.92,0.0,33716.92,0.0,0.0,100.0,0.0,Low Risk
INV50761,CUST1000,Customer_1,Smb,West,Online,Consulting,10.0,47730.82,0,0.0,85915.48,563223.68,Overdue,Cheque,0.0,0.0,0.0,563223.68,563223.68,0.0,100.0,Critical Risk
INV50762,CUST1075,Customer_76,Mid-Market,East,Direct,Data Service,2.0,20169.92,5,2016.99,6898.11,45220.96,Paid,Credit Card,45220.96,0.0,45220.96,0.0,0.0,100.0,0.0,Low Risk
INV50763,CUST1223,Customer_224,Mid-Market,East,Partner,Consulting,4.0,93114.36,0,0.0,67042.34,439499.78,Paid,Bank Transfer,439499.78,0.0,439499.78,0.0,0.0,100.0,0.0,Low Risk
INV50764,CUST1229,Customer_230,Mid-Market,East,Direct,Cloud Service,1.0,12682.59,0,0.0,2282.87,14965.46,Unpaid,Upi,0.0,0.0,0.0,14965.46,14965.46,0.0,100.0,Critical Risk
INV50765,CUST1242,Customer_243,Mid-Market,East,Direct,Data Service,9.0,37204.15,10,33483.74,54243.65,355597.26,Unpaid,Cheque,0.0,0.0,0.0,355597.26,355597.26,0.0,100.0,Critical Risk
INV50766,CUST1059,Customer_60,Mid-Market,South,Partner,Support Plan,6.0,27873.76,5,8362.13,28598.48,187478.91,Overdue,Credit Card,0.0,0.0,0.0,187478.91,187478.91,0.0,100.0,Critical Risk
INV50767,CUST1125,Customer_126,Enterprise,South,Partner,Consulting,11.0,107060.39,10,117766.43,190781.61,1250679.47,Paid,Cheque,1250679.47,0.0,1250679.47,0.0,0.0,100.0,0.0,Low Risk
INV50768,CUST1018,Customer_19,Smb,North,Online,Support Plan,11.0,15262.45,20,33577.39,24175.72,158485.28,Paid,Bank Transfer,158485.28,0.0,158485.28,0.0,0.0,100.0,0.0,Low Risk
INV50769,CUST1028,Customer_29,Enterprise,North,Direct,Software Subscription,3.0,38386.52,10,11515.96,18655.85,122299.45,Unpaid,Bank Transfer,0.0,0.0,0.0,122299.45,122299.45,0.0,100.0,Critical Risk
INV50770,CUST1035,Customer_36,Mid-Market,South,Direct,Data Service,8.0,12863.48,5,5145.39,17597.24,115359.69,Paid,Cheque,115359.69,0.0,115359.69,0.0,0.0,100.0,0.0,Low Risk
INV50771,CUST1211,Customer_212,Smb,South,Direct,Data Service,5.0,51861.97,0,0.0,46675.77,305985.62,Paid,Credit Card,305985.62,0.0,305985.62,0.0,0.0,100.0,0.0,Low Risk
INV50772,CUST1098,Customer_99,Smb,West,Direct,Cloud Service,4.0,20199.09,20,16159.27,11634.68,76271.77,Partially Paid,Bank Transfer,47968.13,0.0,47968.13,28303.64,28303.640000000007,62.89,37.11,High Risk
INV50773,CUST1091,Customer_92,Smb,North,Online,Cloud Service,2.0,41782.98,15,12534.89,12785.59,83816.66,Overdue,Credit Card,0.0,0.0,0.0,83816.66,83816.66,0.0,100.0,Critical Risk
INV50774,CUST1085,Customer_86,Mid-Market,East,Partner,Support Plan,3.0,28918.86,10,8675.66,14054.57,92135.49,Partially Paid,Upi,34293.14,0.0,34293.14,57842.35,57842.350000000006,37.22,62.78,Critical Risk
INV50775,CUST1220,Customer_221,Enterprise,West,Direct,Consulting,11.0,30741.33,5,16907.73,57824.44,379071.34,Paid,Bank Transfer,379071.34,0.0,379071.34,0.0,0.0,100.0,0.0,Low Risk
INV50776,CUST1023,Customer_24,Smb,West,Online,Consulting,3.0,39071.4,20,23442.84,16878.84,110650.2,Paid,Debit Card,110650.2,0.0,110650.2,0.0,0.0,100.0,0.0,Low Risk
INV50777,CUST1235,Customer_236,Smb,South,Partner,Support Plan,9.0,26667.58,25,60002.06,32401.11,212407.27,Paid,Bank Transfer,212407.27,0.0,212407.27,0.0,0.0,100.0,0.0,Low Risk
INV50778,CUST1060,Customer_61,Smb,North,Direct,Consulting,1.0,90603.84,15,13590.58,13862.39,90875.65,Paid,Upi,0.0,0.0,90875.65,0.0,0.0,100.0,0.0,Low Risk
INV50779,CUST1117,Customer_118,Smb,South,Direct,Data Service,7.0,40980.82,10,28686.57,46472.25,304651.42,Paid,Credit Card,304651.42,0.0,304651.42,0.0,0.0,100.0,0.0,Low Risk
INV50780,CUST1095,Customer_96,Smb,South,Direct,Software Subscription,11.0,33676.09,0,0.0,66678.66,437115.65,Paid,Credit Card,437115.65,0.0,437115.65,0.0,0.0,100.0,0.0,Low Risk
INV50781,CUST1062,Customer_63,Smb,South,Online,Data Service,7.0,35764.4,5,12517.54,42809.99,280643.25,Unpaid,Cheque,0.0,0.0,0.0,280643.25,280643.25,0.0,100.0,Critical Risk
INV50782,CUST1184,Customer_185,Smb,North,Online,Software Subscription,5.0,17316.57,0,0.0,15584.91,102167.76,Paid,Credit Card,102167.76,0.0,102167.76,0.0,0.0,100.0,0.0,Low Risk
INV50783,CUST1213,Customer_214,Smb,South,Partner,Support Plan,9.0,15370.88,10,13833.79,22410.74,146914.87,Overdue,Credit Card,0.0,0.0,0.0,146914.87,146914.87,0.0,100.0,Critical Risk
INV50784,CUST1096,Customer_97,Enterprise,North,Online,Consulting,12.0,34067.76,10,40881.31,66227.73,434159.54,Paid,Debit Card,434159.54,98350.56,335808.98,98350.56,98350.56,77.35,22.65,Medium Risk
INV50785,CUST1164,Customer_165,Smb,South,Partner,Support Plan,3.0,32253.52,0,0.0,17416.9,114177.46,Unpaid,Bank Transfer,0.0,0.0,0.0,114177.46,114177.46,0.0,100.0,Critical Risk
INV50786,CUST1154,Customer_155,Mid-Market,North,Direct,Cloud Service,1.0,56671.34,10,5667.13,9180.76,60184.97,Paid,Cheque,60184.97,0.0,60184.97,0.0,0.0,100.0,0.0,Low Risk
INV50787,CUST1141,Customer_142,Smb,North,Online,Software Subscription,4.0,22831.5,10,9132.6,14794.81,96988.21,Paid,Debit Card,96988.21,0.0,96988.21,0.0,0.0,100.0,0.0,Low Risk
INV50788,CUST1023,Customer_24,Enterprise,East,Partner,Software Subscription,6.0,25094.21,10,15056.53,24391.57,159900.3,Overdue,Upi,0.0,0.0,0.0,159900.3,159900.3,0.0,100.0,Critical Risk
INV50789,CUST1104,Customer_105,Enterprise,West,Online,Data Service,2.0,57206.02,5,5720.6,19564.46,128255.9,Paid,Bank Transfer,128255.9,0.0,128255.9,0.0,0.0,100.0,0.0,Low Risk
INV50790,CUST1174,Customer_175,Mid-Market,South,Online,Software Subscription,12.0,13674.0,10,16408.8,26582.26,174261.46,Overdue,Credit Card,0.0,0.0,0.0,174261.46,174261.46,0.0,100.0,Critical Risk
INV50791,CUST1086,Customer_87,Smb,West,Direct,Data Service,7.0,38070.18,0,0.0,47968.43,314459.69,Overdue,Credit Card,0.0,0.0,0.0,314459.69,314459.69,0.0,100.0,Critical Risk
INV50792,CUST1160,Customer_161,Enterprise,North,Partner,Software Subscription,1.0,26717.88,5,1335.89,4568.76,29950.75,Unpaid,Bank Transfer,0.0,0.0,0.0,29950.75,29950.75,0.0,100.0,Critical Risk
INV50793,CUST1239,Customer_240,Smb,West,Partner,Software Subscription,5.0,30623.81,15,22967.86,23427.21,153578.4,Paid,Debit Card,153578.4,0.0,153578.4,0.0,0.0,100.0,0.0,Low Risk
INV50794,CUST1236,Customer_237,Smb,West,Partner,Software Subscription,10.0,8670.08,25,21675.2,11704.61,76730.21,Paid,Cheque,76730.21,0.0,76730.21,0.0,0.0,100.0,0.0,Low Risk
INV50795,CUST1131,Customer_132,Enterprise,North,Online,Cloud Service,6.0,79769.91,0,0.0,86151.5,564770.96,Partially Paid,Bank Transfer,284399.15,0.0,284399.15,280371.81,280371.80999999994,50.36,49.64,High Risk
INV50796,CUST1218,Customer_219,Smb,West,Online,Support Plan,3.0,32963.55,20,19778.13,14240.25,93352.77,Overdue,Bank Transfer,0.0,0.0,0.0,93352.77,93352.77,0.0,100.0,Critical Risk
INV50797,CUST1164,Customer_165,Mid-Market,West,Partner,Support Plan,2.0,21954.0,0,0.0,7903.44,51811.44,Paid,Credit Card,51811.44,0.0,51811.44,0.0,0.0,100.0,0.0,Low Risk
INV50798,CUST1081,Customer_82,Smb,East,Partner,Data Service,8.0,43922.49,10,35137.99,56923.55,373165.48,Unpaid,Bank Transfer,0.0,0.0,0.0,373165.48,373165.48,0.0,100.0,Critical Risk
INV50799,CUST1163,Customer_164,Smb,West,Partner,Data Service,1.0,55892.47,20,11178.49,8048.52,52762.5,Paid,Credit Card,52762.5,0.0,52762.5,0.0,0.0,100.0,0.0,Low Risk
INV50800,CUST1243,Customer_244,Mid-Market,West,Direct,Support Plan,5.0,26217.16,10,13108.58,21235.9,139213.12,Partially Paid,Upi,34824.83,0.0,34824.83,104388.29,104388.29,25.02,74.98,Critical Risk
INV50801,CUST1054,Customer_55,Mid-Market,East,Partner,Cloud Service,3.0,22203.12,0,0.0,11989.68,78599.04,Paid,Credit Card,78599.04,0.0,78599.04,0.0,0.0,100.0,0.0,Low Risk
INV50802,CUST1123,Customer_124,Mid-Market,West,Direct,Consulting,12.0,75510.28,20,181224.67,130481.76,855380.45,Paid,Cheque,855380.45,0.0,855380.45,0.0,0.0,100.0,0.0,Low Risk
INV50803,CUST1148,Customer_149,Mid-Market,South,Partner,Cloud Service,11.0,58537.2,15,96586.38,98518.11,645840.93,Paid,Upi,645840.93,0.0,645840.93,0.0,0.0,100.0,0.0,Low Risk
INV50804,CUST1133,Customer_134,Mid-Market,South,Partner,Support Plan,3.0,17723.92,25,13292.94,7178.19,47057.01,Partially Paid,Cheque,25741.42,18143.7,7597.72,39459.29,39459.29,16.15,83.85,Critical Risk
INV50805,CUST1089,Customer_90,Smb,East,Partner,Consulting,11.0,92326.64,0,0.0,182806.75,1198399.79,Paid,Cheque,1198399.79,0.0,1198399.79,0.0,0.0,100.0,0.0,Low Risk
INV50806,CUST1116,Customer_117,Smb,North,Direct,Cloud Service,6.0,84749.36,20,101699.23,73223.45,480020.38,Paid,Debit Card,480020.38,0.0,480020.38,0.0,0.0,100.0,0.0,Low Risk
INV50807,CUST1141,Customer_142,Mid-Market,West,Online,Data Service,7.0,56055.13,20,78477.18,56503.57,370412.3,Paid,Upi,370412.3,0.0,370412.3,0.0,0.0,100.0,0.0,Low Risk
INV50808,CUST1022,Customer_23,Mid-Market,North,Online,Data Service,7.0,30894.49,0,0.0,38927.06,255188.49,Paid,Debit Card,255188.49,0.0,255188.49,0.0,0.0,100.0,0.0,Low Risk
INV50809,CUST1054,Customer_55,Smb,North,Partner,Support Plan,9.0,8397.14,20,15114.85,10882.69,71342.1,Paid,Debit Card,71342.1,0.0,71342.1,0.0,0.0,100.0,0.0,Low Risk
INV50810,CUST1240,Customer_241,Smb,East,Partner,Consulting,9.0,118408.33,10,106567.5,172639.34,1131746.81,Paid,Credit Card,1131746.81,0.0,1131746.81,0.0,0.0,100.0,0.0,Low Risk
INV50811,CUST1003,Customer_4,Smb,West,Direct,Cloud Service,9.0,77111.85,15,104101.0,106183.02,696088.67,Paid,Cheque,696088.67,0.0,696088.67,0.0,0.0,100.0,0.0,Low Risk
INV50812,CUST1164,Customer_165,Smb,South,Partner,Software Subscription,10.0,12612.52,20,25225.04,18162.03,119062.19,Paid,Upi,119062.19,0.0,119062.19,0.0,0.0,100.0,0.0,Low Risk
INV50813,CUST1025,Customer_26,Mid-Market,East,Online,Consulting,9.0,111688.4,0,0.0,180935.21,1186130.81,Partially Paid,Credit Card,795382.29,0.0,795382.29,390748.52,390748.52,67.06,32.94,High Risk
INV50814,CUST1023,Customer_24,Smb,North,Online,Software Subscription,6.0,40186.17,5,22102.39,75590.19,495535.67,Paid,Debit Card,495535.67,0.0,495535.67,0.0,0.0,100.0,0.0,Low Risk
INV50815,CUST1162,Customer_163,Mid-Market,South,Online,Cloud Service,3.0,51507.04,10,15452.11,25032.42,164101.43,Partially Paid,Debit Card,54654.5,0.0,54654.5,109446.93,109446.93,33.31,66.69,Critical Risk
INV50816,CUST1021,Customer_22,Enterprise,North,Direct,Software Subscription,11.0,29877.19,0,0.0,59156.84,387805.93,Paid,Credit Card,387805.93,0.0,387805.93,0.0,0.0,100.0,0.0,Low Risk
INV50817,CUST1023,Customer_24,Smb,West,Direct,Cloud Service,4.0,41920.22,20,33536.18,24146.05,158290.75,Paid,Debit Card,158290.75,0.0,158290.75,0.0,0.0,100.0,0.0,Low Risk
INV50818,CUST1096,Customer_97,Enterprise,North,Direct,Support Plan,3.0,0.0,5,996.43,3407.78,22339.9,Paid,Upi,22339.9,0.0,22339.9,0.0,0.0,100.0,0.0,Low Risk
INV50819,CUST1153,Customer_154,Mid-Market,North,Online,Consulting,9.0,50195.71,10,45176.14,73185.35,479770.6,Overdue,Bank Transfer,0.0,0.0,0.0,479770.6,479770.6,0.0,100.0,Critical Risk
INV50820,CUST1029,Customer_30,Enterprise,South,Partner,Software Subscription,6.0,37705.58,5,11311.67,38685.93,253607.74,Paid,Upi,253607.74,0.0,253607.74,0.0,0.0,100.0,0.0,Low Risk
INV50821,CUST1089,Customer_90,Mid-Market,South,Partner,Cloud Service,8.0,10370.56,25,20741.12,11200.2,73423.56,Paid,Credit Card,73423.56,0.0,73423.56,0.0,0.0,100.0,0.0,Low Risk
INV50822,CUST1026,Customer_27,Mid-Market,West,Partner,Data Service,5.0,24675.46,5,6168.86,21097.52,138305.96,Unpaid,Debit Card,0.0,0.0,0.0,138305.96,138305.96,0.0,100.0,Critical Risk
INV50823,CUST1159,Customer_160,Smb,North,Partner,Support Plan,7.0,16945.06,10,11861.54,19215.7,125969.58,Paid,Credit Card,125969.58,0.0,125969.58,0.0,0.0,100.0,0.0,Low Risk
INV50824,CUST1104,Customer_105,Smb,East,Partner,Data Service,6.0,35481.97,20,42578.36,30656.42,200969.88,Paid,Credit Card,200969.88,0.0,200969.88,0.0,0.0,100.0,0.0,Low Risk
INV50825,CUST1055,Customer_56,Mid-Market,North,Online,Cloud Service,3.0,83588.45,15,37614.8,38367.1,251517.65,Paid,Upi,251517.65,0.0,251517.65,0.0,0.0,100.0,0.0,Low Risk
INV50826,CUST1203,Customer_204,Smb,South,Direct,Consulting,9.0,51366.33,0,0.0,83213.45,545510.42,Paid,Cheque,545510.42,0.0,545510.42,0.0,0.0,100.0,0.0,Low Risk
INV50827,CUST1228,Customer_229,Mid-Market,North,Partner,Support Plan,6.0,15408.6,15,13867.74,14145.09,92728.95,Paid,Debit Card,92728.95,25247.35,67481.6,25247.35,25247.34999999999,72.77,27.23,Medium Risk
INV50828,CUST1043,Customer_44,Mid-Market,North,Partner,Data Service,7.0,46087.57,10,32261.3,52263.3,342614.99,Paid,Upi,342614.99,0.0,342614.99,0.0,0.0,100.0,0.0,Low Risk
INV50829,CUST1229,Customer_230,Mid-Market,West,Online,Data Service,1.0,30967.55,15,4645.13,4738.04,31060.46,Partially Paid,Upi,7506.46,0.0,7506.46,23554.0,23554.0,24.17,75.83,Critical Risk
INV50830,CUST1102,Customer_103,Smb,West,Partner,Cloud Service,8.0,27968.39,0,0.0,40274.48,264021.6,Paid,Bank Transfer,264021.6,0.0,264021.6,0.0,0.0,100.0,0.0,Low Risk
INV50831,CUST1057,Customer_58,Smb,West,Direct,Software Subscription,3.0,24740.26,0,0.0,13359.74,87580.52,Overdue,Credit Card,0.0,0.0,0.0,87580.52,87580.52,0.0,100.0,Critical Risk
INV50832,CUST1208,Customer_209,Enterprise,North,Direct,Software Subscription,12.0,13211.71,0,0.0,28537.29,187077.81,Paid,Upi,187077.81,0.0,187077.81,0.0,0.0,100.0,0.0,Low Risk
INV50833,CUST1176,Customer_177,Mid-Market,North,Direct,Support Plan,5.0,10291.61,5,2572.9,8799.33,57684.48,Overdue,Upi,0.0,0.0,0.0,57684.48,57684.48,0.0,100.0,Critical Risk
INV50834,CUST1114,Customer_115,Mid-Market,East,Partner,Data Service,9.0,33413.49,10,30072.14,48716.87,319366.14,Paid,Debit Card,319366.14,0.0,319366.14,0.0,0.0,100.0,0.0,Low Risk
INV50835,CUST1196,Customer_197,Smb,North,Direct,Software Subscription,6.0,23500.24,10,14100.14,22842.23,149743.53,Partially Paid,Debit Card,96009.71,0.0,96009.71,53733.82,53733.81999999999,64.12,35.88,High Risk
INV50836,CUST1171,Customer_172,Smb,East,Partner,Support Plan,4.0,32445.38,25,32445.38,17520.51,114856.65,Paid,Debit Card,114856.65,0.0,114856.65,0.0,0.0,100.0,0.0,Low Risk
INV50837,CUST1056,Customer_57,Enterprise,East,Partner,Support Plan,8.0,15871.82,10,12697.46,20569.88,134846.98,Unpaid,Credit Card,0.0,0.0,0.0,134846.98,134846.98,0.0,100.0,Critical Risk
INV50838,CUST1118,Customer_119,Enterprise,North,Partner,Software Subscription,4.0,29481.77,0,0.0,21226.87,139153.95,Overdue,Cheque,0.0,0.0,0.0,139153.95,139153.95,0.0,100.0,Critical Risk
INV50839,CUST1030,Customer_31,Enterprise,West,Online,Software Subscription,6.0,31393.78,20,37672.54,27124.23,177814.37,Paid,Upi,177814.37,0.0,177814.37,0.0,0.0,100.0,0.0,Low Risk
INV50840,CUST1094,Customer_95,Smb,South,Online,Support Plan,12.0,5392.83,20,12942.79,9318.81,61089.98,Paid,Upi,61089.98,0.0,61089.98,0.0,0.0,100.0,0.0,Low Risk
INV50841,CUST1174,Customer_175,Smb,East,Direct,Consulting,2.0,84671.42,10,16934.28,27433.54,179842.1,Paid,Bank Transfer,179842.1,0.0,179842.1,0.0,0.0,100.0,0.0,Low Risk
INV50842,CUST1225,Customer_226,Mid-Market,East,Partner,Support Plan,7.0,10341.08,20,14477.51,10423.81,68333.86,Paid,Credit Card,68333.86,0.0,68333.86,0.0,0.0,100.0,0.0,Low Risk
INV50843,CUST1163,Customer_164,Smb,West,Online,Data Service,5.0,57936.73,0,0.0,52143.06,341826.71,Paid,Upi,341826.71,0.0,341826.71,0.0,0.0,100.0,0.0,Low Risk
INV50844,CUST1174,Customer_175,Smb,East,Direct,Consulting,6.0,30609.59,25,45914.39,24793.77,162536.92,Paid,Credit Card,162536.92,42839.91,119697.01,42839.91,42839.91000000002,73.64,26.36,Medium Risk
INV50845,CUST1173,Customer_174,Mid-Market,West,Direct,Software Subscription,10.0,23341.09,15,35011.64,35711.87,234111.13,Overdue,Debit Card,0.0,0.0,0.0,234111.13,234111.13,0.0,100.0,Critical Risk
INV50846,CUST1145,Customer_146,Mid-Market,North,Partner,Cloud Service,4.0,16827.97,5,3365.59,11510.33,75456.62,Unpaid,Upi,0.0,0.0,0.0,75456.62,75456.62,0.0,100.0,Critical Risk
INV50847,CUST1139,Customer_140,Smb,East,Online,Support Plan,5.0,34906.23,15,26179.67,26703.27,175054.75,Paid,Upi,175054.75,0.0,175054.75,0.0,0.0,100.0,0.0,Low Risk
INV50848,CUST1175,Customer_176,Mid-Market,South,Partner,Software Subscription,3.0,26581.22,20,15948.73,11483.09,75278.02,Overdue,Debit Card,0.0,0.0,0.0,75278.02,75278.02,0.0,100.0,Critical Risk
INV50849,CUST1189,Customer_190,Mid-Market,West,Online,Support Plan,6.0,22861.55,10,13716.93,22221.43,145673.8,Unpaid,Bank Transfer,0.0,0.0,0.0,145673.8,145673.8,0.0,100.0,Critical Risk
INV50850,CUST1044,Customer_45,Smb,South,Direct,Cloud Service,6.0,15366.12,20,18439.34,13276.33,87033.71,Partially Paid,Cheque,66768.77,0.0,66768.77,20264.94,20264.940000000002,76.72,23.28,Medium Risk
INV50851,CUST1203,Customer_204,Mid-Market,South,Partner,Cloud Service,5.0,69996.84,0,0.0,62997.16,412981.36,Overdue,Credit Card,0.0,0.0,0.0,412981.36,412981.36,0.0,100.0,Critical Risk
INV50852,CUST1124,Customer_125,Smb,North,Direct,Cloud Service,1.0,26792.45,25,6698.11,3616.98,23711.32,Paid,Debit Card,23711.32,0.0,23711.32,0.0,0.0,100.0,0.0,Low Risk
INV50853,CUST1090,Customer_91,Mid-Market,South,Direct,Software Subscription,1.0,41228.01,10,4122.8,6678.94,43784.15,Paid,Upi,43784.15,0.0,43784.15,0.0,0.0,100.0,0.0,Low Risk
INV50854,CUST1149,Customer_150,Enterprise,West,Partner,Cloud Service,4.0,26411.17,0,0.0,19016.04,124660.72,Paid,Debit Card,124660.72,0.0,124660.72,0.0,0.0,100.0,0.0,Low Risk
INV50855,CUST1152,Customer_153,Smb,South,Partner,Data Service,7.0,17106.45,15,17961.77,18321.01,120104.39,Unpaid,Credit Card,0.0,0.0,0.0,120104.39,120104.39,0.0,100.0,Critical Risk
INV50856,CUST1078,Customer_79,Smb,West,Direct,Data Service,11.0,8937.13,25,24577.11,13271.64,87002.96,Paid,Credit Card,87002.96,0.0,87002.96,0.0,0.0,100.0,0.0,Low Risk
INV50857,CUST1239,Customer_240,Mid-Market,West,Partner,Cloud Service,8.0,47765.36,15,57318.43,58464.8,383269.25,Paid,Bank Transfer,383269.25,0.0,383269.25,0.0,0.0,100.0,0.0,Low Risk
INV50858,CUST1193,Customer_194,Smb,East,Direct,Cloud Service,4.0,55187.29,15,33112.37,33774.62,221411.41,Paid,Debit Card,221411.41,0.0,221411.41,0.0,0.0,100.0,0.0,Low Risk
INV50859,CUST1001,Customer_2,Mid-Market,North,Partner,Data Service,8.0,10482.56,0,0.0,15094.89,98955.37,Paid,Cheque,98955.37,0.0,98955.37,0.0,0.0,100.0,0.0,Low Risk
INV50860,CUST1123,Customer_124,Mid-Market,West,Direct,Software Subscription,2.0,36694.52,0,0.0,13210.03,86599.07,Unpaid,Credit Card,0.0,0.0,0.0,86599.07,86599.07,0.0,100.0,Critical Risk
INV50861,CUST1079,Customer_80,Mid-Market,North,Online,Software Subscription,8.0,24771.69,10,19817.35,32104.11,210460.28,Paid,Bank Transfer,210460.28,67706.29,142753.99,67706.29,67706.29000000001,67.83,32.17,High Risk
INV50862,CUST1121,Customer_122,Smb,West,Partner,Data Service,8.0,34792.68,20,55668.29,40081.17,262754.32,Paid,Credit Card,262754.32,0.0,262754.32,0.0,0.0,100.0,0.0,Low Risk
INV50863,CUST1174,Customer_175,Smb,South,Direct,Data Service,2.0,30360.43,20,12144.17,8743.8,57320.49,Paid,Cheque,57320.49,6520.71,50799.78,6520.71,6520.709999999999,88.62,11.38,Medium Risk
INV50864,CUST1074,Customer_75,Smb,West,Online,Software Subscription,10.0,22828.23,25,57070.57,30818.11,202029.84,Paid,Bank Transfer,202029.84,0.0,202029.84,0.0,0.0,100.0,0.0,Low Risk
INV50865,CUST1037,Customer_38,Smb,West,Direct,Support Plan,2.0,21789.21,20,8715.68,6275.29,41138.03,Paid,Upi,41138.03,0.0,41138.03,0.0,0.0,100.0,0.0,Low Risk
INV50866,CUST1070,Customer_71,Smb,West,Online,Consulting,6.0,31300.23,10,18780.14,30423.82,199445.06,Paid,Bank Transfer,199445.06,0.0,199445.06,0.0,0.0,100.0,0.0,Low Risk
INV50867,CUST1167,Customer_168,Mid-Market,East,Partner,Cloud Service,8.0,24554.25,5,9821.7,33590.21,220202.51,Paid,Bank Transfer,220202.51,0.0,220202.51,0.0,0.0,100.0,0.0,Low Risk
INV50868,CUST1155,Customer_156,Mid-Market,East,Online,Data Service,12.0,52674.64,10,63209.57,102399.5,671285.61,Paid,Cheque,671285.61,0.0,671285.61,0.0,0.0,100.0,0.0,Low Risk
INV50869,CUST1007,Customer_8,Enterprise,East,Direct,Consulting,4.0,114342.12,0,0.0,82326.33,539694.81,Partially Paid,Credit Card,269664.09,0.0,269664.09,270030.72,270030.72000000003,49.97,50.03,Critical Risk
INV50870,CUST1193,Customer_194,Enterprise,North,Partner,Software Subscription,1.0,21812.44,10,2181.24,3533.62,23164.82,Paid,Upi,23164.82,0.0,0.0,0.0,23164.82,0.0,100.0,Critical Risk
INV50871,CUST1027,Customer_28,Mid-Market,East,Direct,Support Plan,3.0,13122.34,10,3936.7,6377.46,41807.78,Paid,Credit Card,41807.78,0.0,41807.78,0.0,0.0,100.0,0.0,Low Risk
INV50872,CUST1207,Customer_208,Mid-Market,South,Direct,Software Subscription,10.0,31827.98,0,0.0,57290.36,375570.16,Partially Paid,Upi,225790.88,0.0,225790.88,149779.28,149779.27999999997,60.12,39.88,High Risk
INV50873,CUST1047,Customer_48,Mid-Market,West,Online,Data Service,8.0,28662.91,10,22930.33,37147.13,243520.08,Unpaid,Upi,0.0,0.0,0.0,243520.08,243520.08,0.0,100.0,Critical Risk
INV50874,CUST1112,Customer_113,Smb,North,Direct,Support Plan,2.0,5761.59,0,0.0,2074.17,13597.35,Paid,Debit Card,13597.35,0.0,13597.35,0.0,0.0,100.0,0.0,Low Risk
INV50875,CUST1138,Customer_139,Smb,South,Partner,Consulting,5.0,31396.02,10,15698.01,25430.78,166712.87,Paid,Bank Transfer,166712.87,0.0,166712.87,0.0,0.0,100.0,0.0,Low Risk
INV50876,CUST1158,Customer_159,Smb,North,Direct,Software Subscription,10.0,34490.97,25,86227.43,46562.81,305245.08,Overdue,Upi,0.0,0.0,0.0,305245.08,305245.08,0.0,100.0,Critical Risk
INV50877,CUST1085,Customer_86,Enterprise,North,Direct,Software Subscription,3.0,32380.19,10,9714.06,15736.77,103163.28,Paid,Debit Card,103163.28,0.0,103163.28,0.0,0.0,100.0,0.0,Low Risk
INV50878,CUST1018,Customer_19,Enterprise,South,Partner,Data Service,12.0,8436.09,0,0.0,18221.95,119455.03,Overdue,Bank Transfer,0.0,0.0,0.0,119455.03,119455.03,0.0,100.0,Critical Risk
INV50879,CUST1129,Customer_130,Smb,South,Direct,Cloud Service,7.0,27757.77,25,48576.1,26231.09,171959.38,Paid,Bank Transfer,171959.38,0.0,171959.38,0.0,0.0,100.0,0.0,Low Risk
INV50880,CUST1155,Customer_156,Enterprise,South,Partner,Software Subscription,9.0,16549.77,25,37236.98,20107.97,131818.92,Paid,Debit Card,131818.92,0.0,131818.92,0.0,0.0,100.0,0.0,Low Risk
INV50881,CUST1030,Customer_31,Enterprise,South,Direct,Cloud Service,6.0,63751.42,10,38250.85,61966.38,406224.05,Paid,Bank Transfer,406224.05,0.0,406224.05,0.0,0.0,100.0,0.0,Low Risk
INV50882,CUST1191,Customer_192,Mid-Market,North,Direct,Data Service,10.0,8044.66,0,0.0,14480.39,94926.99,Overdue,Bank Transfer,0.0,0.0,0.0,94926.99,94926.99,0.0,100.0,Critical Risk
INV50883,CUST1072,Customer_73,Smb,West,Partner,Cloud Service,10.0,18328.69,10,18328.69,29692.48,194650.69,Overdue,Bank Transfer,0.0,0.0,0.0,194650.69,194650.69,0.0,100.0,Critical Risk
INV50884,CUST1240,Customer_241,Mid-Market,West,Online,Support Plan,12.0,28997.48,15,52195.46,53239.37,349013.67,Overdue,Upi,0.0,0.0,0.0,349013.67,349013.67,0.0,100.0,Critical Risk
INV50885,CUST1062,Customer_63,Mid-Market,West,Partner,Cloud Service,6.0,24283.57,0,0.0,26226.26,171927.68,Paid,Bank Transfer,171927.68,0.0,171927.68,0.0,0.0,100.0,0.0,Low Risk
INV50886,CUST1059,Customer_60,Smb,South,Direct,Data Service,4.0,41595.54,0,0.0,29948.79,196330.95,Paid,Credit Card,196330.95,0.0,196330.95,0.0,0.0,100.0,0.0,Low Risk
INV50887,CUST1005,Customer_6,Mid-Market,North,Partner,Software Subscription,5.0,16812.76,10,8406.38,13618.34,89275.76,Partially Paid,Cheque,33946.9,0.0,33946.9,55328.86,55328.85999999999,38.02,61.98,Critical Risk
INV50888,CUST1220,Customer_221,Smb,West,Online,Support Plan,1.0,7983.24,10,798.32,1293.29,8478.21,Paid,Bank Transfer,8478.21,0.0,8478.21,0.0,0.0,100.0,0.0,Low Risk
INV50889,CUST1195,Customer_196,Smb,South,Direct,Software Subscription,10.0,16997.37,15,25496.06,26005.98,170483.62,Overdue,Upi,0.0,0.0,0.0,170483.62,170483.62,0.0,100.0,Critical Risk
INV50890,CUST1206,Customer_207,Smb,West,Partner,Support Plan,12.0,26668.01,10,32001.61,51842.61,339857.12,Overdue,Cheque,0.0,0.0,0.0,339857.12,339857.12,0.0,100.0,Critical Risk
INV50891,CUST1119,Customer_120,Mid-Market,East,Direct,Consulting,3.0,104848.13,0,0.0,56617.99,371162.38,Paid,Credit Card,371162.38,0.0,371162.38,0.0,0.0,100.0,0.0,Low Risk
INV50892,CUST1101,Customer_102,Smb,North,Direct,Cloud Service,6.0,76417.59,10,45850.55,74277.9,486932.89,Partially Paid,Upi,325980.03,0.0,325980.03,160952.86,160952.86,66.95,33.05,High Risk
INV50893,CUST1113,Customer_114,Mid-Market,South,Partner,Support Plan,1.0,16915.51,25,4228.88,2283.59,14970.22,Paid,Bank Transfer,14970.22,0.0,14970.22,0.0,0.0,100.0,0.0,Low Risk
INV50894,CUST1141,Customer_142,Smb,East,Partner,Software Subscription,8.0,32719.15,5,13087.66,44759.8,293425.34,Paid,Credit Card,293425.34,0.0,293425.34,0.0,0.0,100.0,0.0,Low Risk
INV50895,CUST1223,Customer_224,Mid-Market,West,Online,Software Subscription,4.0,15584.42,0,0.0,11220.78,73558.46,Partially Paid,Upi,22843.82,0.0,22843.82,50714.64,50714.64000000001,31.06,68.94,Critical Risk
INV50896,CUST1243,Customer_244,Mid-Market,North,Online,Cloud Service,5.0,33451.82,0,0.0,30106.64,197365.74,Partially Paid,Credit Card,141016.67,0.0,141016.67,56349.07,56349.06999999998,71.45,28.55,Medium Risk
INV50897,CUST1129,Customer_130,Smb,West,Direct,Data Service,2.0,54505.8,10,10901.16,17659.88,115770.32,Paid,Debit Card,115770.32,0.0,115770.32,0.0,0.0,100.0,0.0,Low Risk
INV50898,CUST1083,Customer_84,Mid-Market,East,Online,Cloud Service,6.0,11040.15,20,13248.18,9538.69,62531.41,Overdue,Bank Transfer,0.0,0.0,0.0,62531.41,62531.41,0.0,100.0,Critical Risk
INV50899,CUST1074,Customer_75,Enterprise,East,Direct,Data Service,1.0,11531.95,0,0.0,2075.75,13607.7,Partially Paid,Debit Card,9318.83,0.0,9318.83,4288.87,4288.870000000001,68.48,31.52,High Risk
INV50900,CUST1195,Customer_196,Enterprise,West,Online,Software Subscription,2.0,15691.79,10,3138.36,5084.14,33329.36,Paid,Bank Transfer,33329.36,0.0,33329.36,0.0,0.0,100.0,0.0,Low Risk
INV50901,CUST1134,Customer_135,Mid-Market,South,Partner,Cloud Service,5.0,12122.58,10,6061.29,9819.29,64370.9,Unpaid,Credit Card,0.0,0.0,0.0,64370.9,64370.9,0.0,100.0,Critical Risk
INV50902,CUST1080,Customer_81,Mid-Market,West,Partner,Software Subscription,12.0,14713.11,10,17655.73,28602.29,187503.88,Paid,Bank Transfer,187503.88,0.0,187503.88,0.0,0.0,100.0,0.0,Low Risk
INV50903,CUST1167,Customer_168,Mid-Market,South,Online,Consulting,8.0,76219.36,20,121950.98,87804.7,575608.6,Paid,Credit Card,575608.6,0.0,575608.6,0.0,0.0,100.0,0.0,Low Risk
INV50904,CUST1066,Customer_67,Mid-Market,South,Online,Cloud Service,6.0,43713.96,0,0.0,47211.08,309494.84,Paid,Debit Card,309494.84,0.0,309494.84,0.0,0.0,100.0,0.0,Low Risk
INV50905,CUST1003,Customer_4,Smb,North,Partner,Support Plan,5.0,31780.15,25,39725.19,21451.6,140627.16,Unpaid,Bank Transfer,0.0,0.0,0.0,140627.16,140627.16,0.0,100.0,Critical Risk
INV50906,CUST1131,Customer_132,Enterprise,South,Online,Support Plan,7.0,29523.31,15,30999.48,31619.46,207283.15,Paid,Upi,207283.15,0.0,207283.15,0.0,0.0,100.0,0.0,Low Risk
INV50907,CUST1151,Customer_152,Mid-Market,West,Partner,Software Subscription,12.0,20647.24,0,0.0,44598.04,292364.92,Paid,Debit Card,292364.92,0.0,292364.92,0.0,0.0,100.0,0.0,Low Risk
INV50908,CUST1179,Customer_180,Smb,West,Partner,Consulting,12.0,42239.46,0,0.0,91237.23,598110.75,Paid,Upi,598110.75,189524.38,408586.37,189524.38,189524.38,68.31,31.69,High Risk
INV50909,CUST1184,Customer_185,Mid-Market,West,Partner,Software Subscription,4.0,22048.62,10,8819.45,14287.51,93662.54,Paid,Upi,93662.54,26502.28,67160.26,26502.28,26502.28,71.7,28.3,Medium Risk
INV50910,CUST1244,Customer_245,Smb,North,Partner,Consulting,7.0,76980.97,10,53886.68,87296.42,572276.53,Paid,Upi,572276.53,0.0,572276.53,0.0,0.0,100.0,0.0,Low Risk
INV50911,CUST1070,Customer_71,Mid-Market,North,Direct,Consulting,3.0,43146.68,10,12944.0,20969.29,137465.33,Overdue,Upi,0.0,0.0,0.0,137465.33,137465.33,0.0,100.0,Critical Risk
INV50912,CUST1141,Customer_142,Enterprise,South,Direct,Consulting,1.0,80535.64,0,0.0,14496.42,95032.06,Overdue,Debit Card,0.0,0.0,0.0,95032.06,95032.06,0.0,100.0,Critical Risk
INV50913,CUST1072,Customer_73,Enterprise,East,Direct,Data Service,7.0,28698.82,25,50222.93,27120.39,177789.2,Paid,Bank Transfer,177789.2,0.0,177789.2,0.0,0.0,100.0,0.0,Low Risk
INV50914,CUST1067,Customer_68,Smb,South,Online,Consulting,5.0,72964.95,0,0.0,65668.46,430493.21,Overdue,Bank Transfer,0.0,0.0,0.0,430493.21,430493.21,0.0,100.0,Critical Risk
INV50915,CUST1085,Customer_86,Smb,North,Partner,Data Service,11.0,30114.71,0,0.0,59627.13,390888.94,Unpaid,Bank Transfer,0.0,0.0,0.0,390888.94,390888.94,0.0,100.0,Critical Risk
INV50916,CUST1169,Customer_170,Enterprise,South,Online,Software Subscription,11.0,18895.23,0,0.0,37412.56,245260.09,Paid,Credit Card,245260.09,0.0,245260.09,0.0,0.0,100.0,0.0,Low Risk
INV50917,CUST1124,Customer_125,Enterprise,South,Direct,Support Plan,5.0,33453.6,5,8363.4,28602.83,187507.43,Paid,Debit Card,187507.43,0.0,187507.43,0.0,0.0,100.0,0.0,Low Risk
INV50918,CUST1156,Customer_157,Smb,South,Online,Consulting,1.0,95178.61,20,19035.72,13705.72,89848.61,Partially Paid,Upi,51036.43,0.0,51036.43,38812.18,38812.18,56.8,43.2,High Risk
INV50919,CUST1215,Customer_216,Smb,East,Online,Cloud Service,11.0,21209.05,25,58324.89,31495.44,206470.1,Paid,Debit Card,206470.1,0.0,206470.1,0.0,0.0,100.0,0.0,Low Risk
INV50920,CUST1028,Customer_29,Enterprise,North,Direct,Cloud Service,7.0,79477.44,25,139085.52,75106.18,492362.74,Paid,Debit Card,492362.74,0.0,492362.74,0.0,0.0,100.0,0.0,Low Risk
INV50921,CUST1178,Customer_179,Smb,South,Partner,Consulting,8.0,66180.28,25,132360.56,71474.7,468556.38,Partially Paid,Bank Transfer,286912.61,79919.67,206992.94,261563.44,261563.44,44.18,55.82,Critical Risk
INV50922,CUST1081,Customer_82,Smb,South,Partner,Support Plan,7.0,31836.57,20,44571.2,32091.26,210376.05,Paid,Bank Transfer,210376.05,56481.22,153894.83,56481.22,56481.22,73.15,26.85,Medium Risk
INV50923,CUST1056,Customer_57,Mid-Market,East,Direct,Consulting,9.0,98984.8,10,89086.32,144319.84,946096.72,Unpaid,Cheque,0.0,0.0,0.0,946096.72,946096.72,0.0,100.0,Critical Risk
INV50924,CUST1023,Customer_24,Mid-Market,South,Direct,Cloud Service,6.0,44017.08,0,0.0,47538.45,311640.93,Partially Paid,Cheque,159307.54,0.0,159307.54,152333.39,152333.38999999998,51.12,48.88,High Risk
INV50925,CUST1205,Customer_206,Smb,North,Direct,Cloud Service,6.0,0.0,20,14157.05,10193.07,66821.26,Paid,Bank Transfer,66821.26,0.0,66821.26,0.0,0.0,100.0,0.0,Low Risk
INV50926,CUST1010,Customer_11,Smb,West,Online,Cloud Service,1.0,31494.19,10,3149.42,5102.06,33446.83,Partially Paid,Debit Card,20497.62,12959.37,7538.25,25908.58,25908.58,22.54,77.46,Critical Risk
INV50927,CUST1019,Customer_20,Smb,South,Direct,Support Plan,1.0,21249.03,0,0.0,3824.83,25073.86,Unpaid,Cheque,0.0,0.0,0.0,25073.86,25073.86,0.0,100.0,Critical Risk
INV50928,CUST1219,Customer_220,Smb,North,Partner,Cloud Service,7.0,60678.26,0,0.0,76454.61,501202.43,Paid,Cheque,501202.43,0.0,501202.43,0.0,0.0,100.0,0.0,Low Risk
INV50929,CUST1109,Customer_110,Smb,South,Partner,Support Plan,9.0,12736.63,10,11462.97,18570.01,121736.71,Paid,Bank Transfer,121736.71,0.0,121736.71,0.0,0.0,100.0,0.0,Low Risk
INV50930,CUST1195,Customer_196,Mid-Market,West,Partner,Software Subscription,8.0,13156.17,10,10524.94,17050.4,111774.82,Paid,Debit Card,111774.82,44379.37,67395.45,44379.37,44379.37000000001,60.3,39.7,High Risk
INV50931,CUST1036,Customer_37,Enterprise,South,Direct,Software Subscription,2.0,38892.42,5,3889.24,13301.21,87196.81,Paid,Credit Card,0.0,0.0,87196.81,0.0,0.0,100.0,0.0,Low Risk
INV50932,CUST1185,Customer_186,Enterprise,East,Direct,Consulting,1.0,118362.23,25,29590.56,15978.9,104750.57,Paid,Bank Transfer,104750.57,0.0,104750.57,0.0,0.0,100.0,0.0,Low Risk
INV50933,CUST1068,Customer_69,Mid-Market,East,Partner,Data Service,8.0,34861.58,25,69723.16,37650.51,246819.99,Paid,Debit Card,246819.99,0.0,246819.99,0.0,0.0,100.0,0.0,Low Risk
INV50934,CUST1179,Customer_180,Smb,South,Partner,Consulting,1.0,33026.33,5,1651.32,5647.5,37022.51,Paid,Bank Transfer,37022.51,0.0,37022.51,0.0,0.0,100.0,0.0,Low Risk
INV50935,CUST1043,Customer_44,Mid-Market,West,Direct,Data Service,8.0,21432.29,5,8572.92,29319.37,192204.77,Unpaid,Upi,0.0,0.0,0.0,192204.77,192204.77,0.0,100.0,Critical Risk
INV50936,CUST1184,Customer_185,Enterprise,South,Partner,Cloud Service,9.0,11471.25,15,15486.19,15795.91,103550.97,Partially Paid,Cheque,43799.89,0.0,43799.89,59751.08,59751.08,42.3,57.7,Critical Risk
INV50937,CUST1154,Customer_155,Smb,South,Direct,Support Plan,4.0,32428.96,15,19457.38,19846.52,130104.98,Overdue,Cheque,0.0,0.0,0.0,130104.98,130104.98,0.0,100.0,Critical Risk
INV50938,CUST1106,Customer_107,Smb,North,Online,Support Plan,2.0,8532.53,0,0.0,3071.71,20136.77,Paid,Debit Card,20136.77,0.0,20136.77,0.0,0.0,100.0,0.0,Low Risk
INV50939,CUST1159,Customer_160,Mid-Market,North,Direct,Consulting,2.0,75534.23,15,22660.27,23113.47,151521.66,Partially Paid,Upi,110611.71,0.0,110611.71,40909.95,40909.95,73.0,27.0,Medium Risk
INV50940,CUST1186,Customer_187,Smb,South,Direct,Data Service,7.0,21524.93,10,15067.45,24409.27,160016.33,Paid,Cheque,160016.33,0.0,160016.33,0.0,0.0,100.0,0.0,Low Risk
INV50941,CUST1071,Customer_72,Smb,West,Partner,Data Service,2.0,36371.43,5,3637.14,12439.03,81544.75,Unpaid,Cheque,0.0,0.0,0.0,81544.75,81544.75,0.0,100.0,Critical Risk
INV50942,CUST1043,Customer_44,Smb,South,Direct,Consulting,4.0,83399.14,0,0.0,60047.38,393643.94,Overdue,Debit Card,0.0,0.0,0.0,393643.94,393643.94,0.0,100.0,Critical Risk
INV50943,CUST1229,Customer_230,Enterprise,East,Online,Consulting,9.0,102122.89,25,229776.5,124079.31,813408.82,Paid,Bank Transfer,813408.82,0.0,813408.82,0.0,0.0,100.0,0.0,Low Risk
INV50944,CUST1198,Customer_199,Smb,North,Online,Support Plan,6.0,11192.64,10,6715.58,10879.25,71319.51,Unpaid,Credit Card,0.0,0.0,0.0,71319.51,71319.51,0.0,100.0,Critical Risk
INV50945,CUST1215,Customer_216,Smb,East,Direct,Support Plan,8.0,5329.87,10,4263.9,6907.51,45282.57,Partially Paid,Bank Transfer,24214.54,0.0,24214.54,21068.03,21068.03,53.47,46.53,High Risk
INV50946,CUST1088,Customer_89,Mid-Market,North,Direct,Consulting,10.0,29372.99,10,29372.99,47584.24,311941.15,Paid,Debit Card,311941.15,0.0,311941.15,0.0,0.0,100.0,0.0,Low Risk
INV50947,CUST1150,Customer_151,Smb,East,Online,Software Subscription,6.0,41300.69,10,24780.41,40144.27,263168.0,Paid,Debit Card,263168.0,45491.88,217676.12,45491.88,45491.880000000005,82.71,17.29,Medium Risk
INV50948,CUST1070,Customer_71,Mid-Market,West,Direct,Data Service,1.0,53316.17,25,13329.04,7197.68,47184.81,Overdue,Debit Card,0.0,0.0,0.0,47184.81,47184.81,0.0,100.0,Critical Risk
INV50949,CUST1007,Customer_8,Mid-Market,West,Direct,Consulting,12.0,77728.38,5,46637.03,159498.64,1045602.17,Overdue,Bank Transfer,0.0,0.0,0.0,1045602.17,1045602.17,0.0,100.0,Critical Risk
INV50950,CUST1024,Customer_25,Enterprise,East,Online,Cloud Service,4.0,58041.35,0,0.0,41789.77,273955.17,Paid,Credit Card,273955.17,0.0,273955.17,0.0,0.0,100.0,0.0,Low Risk
INV50951,CUST1103,Customer_104,Smb,East,Direct,Software Subscription,2.0,32606.36,10,6521.27,10564.46,69255.91,Unpaid,Credit Card,0.0,0.0,0.0,69255.91,69255.91,0.0,100.0,Critical Risk
INV50952,CUST1155,Customer_156,Smb,East,Partner,Data Service,7.0,16294.68,5,5703.14,19504.73,127864.35,Partially Paid,Cheque,90179.45,0.0,90179.45,37684.9,37684.90000000001,70.53,29.47,Medium Risk
INV50953,CUST1119,Customer_120,Mid-Market,South,Online,Software Subscription,10.0,41833.24,25,104583.1,56474.87,370224.17,Paid,Bank Transfer,370224.17,0.0,370224.17,0.0,0.0,100.0,0.0,Low Risk
INV50954,CUST1160,Customer_161,Enterprise,South,Partner,Consulting,1.0,58970.91,10,5897.09,9553.29,62627.11,Partially Paid,Credit Card,29823.62,0.0,29823.62,32803.49,32803.490000000005,47.62,52.38,Critical Risk
INV50955,CUST1097,Customer_98,Mid-Market,South,Partner,Consulting,5.0,55229.55,5,13807.39,47221.26,309561.62,Paid,Credit Card,309561.62,0.0,309561.62,0.0,0.0,100.0,0.0,Low Risk
INV50956,CUST1178,Customer_179,Smb,West,Online,Software Subscription,8.0,27199.96,15,32639.95,33292.75,218252.48,Paid,Credit Card,218252.48,0.0,218252.48,0.0,0.0,100.0,0.0,Low Risk
INV50957,CUST1137,Customer_138,Mid-Market,East,Direct,Support Plan,6.0,6408.98,10,3845.39,6229.53,40838.02,Paid,Cheque,40838.02,0.0,40838.02,0.0,0.0,100.0,0.0,Low Risk
INV50958,CUST1119,Customer_120,Smb,East,Partner,Software Subscription,9.0,14152.48,5,6368.62,21780.67,142784.37,Paid,Cheque,142784.37,0.0,142784.37,0.0,0.0,100.0,0.0,Low Risk
INV50959,CUST1179,Customer_180,Smb,North,Direct,Cloud Service,1.0,69042.69,5,3452.13,11806.3,77396.86,Paid,Upi,77396.86,0.0,77396.86,0.0,0.0,100.0,0.0,Low Risk
INV50960,CUST1139,Customer_140,Smb,West,Direct,Software Subscription,8.0,11063.55,25,22127.1,11948.63,78329.93,Partially Paid,Upi,48305.99,0.0,48305.99,30023.94,30023.939999999995,61.67,38.33,High Risk
INV50961,CUST1173,Customer_174,Smb,West,Online,Software Subscription,4.0,30316.63,0,0.0,21827.97,143094.49,Paid,Bank Transfer,143094.49,0.0,143094.49,0.0,0.0,100.0,0.0,Low Risk
INV50962,CUST1226,Customer_227,Mid-Market,North,Direct,Data Service,4.0,20003.5,5,4000.7,13682.39,89695.69,Paid,Upi,89695.69,0.0,89695.69,0.0,0.0,100.0,0.0,Low Risk
INV50963,CUST1101,Customer_102,Smb,East,Direct,Software Subscription,11.0,22403.94,5,12322.17,42141.81,276262.98,Paid,Credit Card,276262.98,0.0,276262.98,0.0,0.0,100.0,0.0,Low Risk
INV50964,CUST1023,Customer_24,Mid-Market,North,Partner,Consulting,11.0,45312.84,15,74766.19,76261.51,499936.56,Paid,Cheque,499936.56,0.0,499936.56,0.0,0.0,100.0,0.0,Low Risk
INV50965,CUST1171,Customer_172,Smb,South,Partner,Support Plan,12.0,15670.18,10,18804.22,30462.83,199700.77,Unpaid,Credit Card,0.0,0.0,0.0,199700.77,199700.77,0.0,100.0,Critical Risk
INV50966,CUST1209,Customer_210,Mid-Market,North,Direct,Support Plan,10.0,26571.38,20,53142.76,38262.79,250833.83,Paid,Cheque,250833.83,0.0,250833.83,0.0,0.0,100.0,0.0,Low Risk
INV50967,CUST1092,Customer_93,Smb,South,Partner,Software Subscription,10.0,18993.5,20,37987.0,27350.64,179298.64,Overdue,Credit Card,0.0,0.0,0.0,179298.64,179298.64,0.0,100.0,Critical Risk
INV50968,CUST1111,Customer_112,Smb,West,Online,Support Plan,11.0,21992.14,5,12095.68,41367.21,271185.07,Paid,Debit Card,271185.07,0.0,271185.07,0.0,0.0,100.0,0.0,Low Risk
INV50969,CUST1045,Customer_46,Smb,North,Online,Data Service,2.0,32230.67,25,16115.33,8702.28,57048.29,Unpaid,Debit Card,0.0,0.0,0.0,57048.29,57048.29,0.0,100.0,Critical Risk
INV50970,CUST1032,Customer_33,Mid-Market,West,Partner,Support Plan,11.0,24910.13,25,68502.86,36991.54,242500.11,Paid,Bank Transfer,242500.11,0.0,242500.11,0.0,0.0,100.0,0.0,Low Risk
INV50971,CUST1189,Customer_190,Mid-Market,East,Direct,Data Service,8.0,56651.98,15,67982.38,69342.02,454575.48,Unpaid,Credit Card,0.0,0.0,0.0,454575.48,454575.48,0.0,100.0,Critical Risk
INV50972,CUST1020,Customer_21,Smb,West,Partner,Cloud Service,12.0,68605.77,10,82326.92,133369.62,874311.94,Paid,Bank Transfer,874311.94,0.0,874311.94,0.0,0.0,100.0,0.0,Low Risk
INV50973,CUST1031,Customer_32,Enterprise,East,Partner,Support Plan,6.0,11448.21,0,0.0,12364.07,81053.33,Overdue,Upi,0.0,0.0,0.0,81053.33,81053.33,0.0,100.0,Critical Risk
INV50974,CUST1068,Customer_69,Smb,North,Online,Cloud Service,7.0,12494.65,0,0.0,15743.26,103205.81,Paid,Bank Transfer,103205.81,0.0,103205.81,0.0,0.0,100.0,0.0,Low Risk
INV50975,CUST1189,Customer_190,Smb,West,Partner,Consulting,2.0,42537.72,0,0.0,15313.58,100389.02,Paid,Upi,100389.02,0.0,100389.02,0.0,0.0,100.0,0.0,Low Risk
INV50976,CUST1062,Customer_63,Enterprise,North,Direct,Data Service,10.0,38539.13,25,96347.82,52027.83,341071.31,Paid,Cheque,341071.31,0.0,341071.31,0.0,0.0,100.0,0.0,Low Risk
INV50977,CUST1185,Customer_186,Smb,East,Online,Cloud Service,7.0,14114.07,20,19759.7,14226.98,93265.77,Paid,Bank Transfer,93265.77,0.0,93265.77,0.0,0.0,100.0,0.0,Low Risk
INV50978,CUST1146,Customer_147,Smb,South,Partner,Cloud Service,10.0,49709.3,10,49709.3,80529.07,527912.77,Partially Paid,Upi,121049.73,0.0,121049.73,406863.04,406863.04000000004,22.93,77.07,Critical Risk
INV50979,CUST1171,Customer_172,Smb,North,Partner,Support Plan,3.0,22905.29,10,6871.59,11131.97,72976.25,Paid,Credit Card,72976.25,0.0,72976.25,0.0,0.0,100.0,0.0,Low Risk
INV50980,CUST1153,Customer_154,Mid-Market,South,Direct,Cloud Service,2.0,36739.51,10,7347.9,11903.6,78034.72,Paid,Cheque,78034.72,0.0,78034.72,0.0,0.0,100.0,0.0,Low Risk
INV50981,CUST1107,Customer_108,Mid-Market,East,Partner,Cloud Service,9.0,71672.98,20,129011.36,92888.18,608933.64,Paid,Upi,608933.64,0.0,608933.64,0.0,0.0,100.0,0.0,Low Risk
INV50982,CUST1118,Customer_119,Enterprise,North,Online,Support Plan,4.0,8197.95,5,1639.59,5607.4,36759.61,Partially Paid,Debit Card,12991.42,12991.42,0.0,36759.61,36759.61,0.0,100.0,Critical Risk
INV50983,CUST1191,Customer_192,Enterprise,West,Direct,Cloud Service,5.0,16011.02,10,8005.51,12968.93,85018.52,Unpaid,Credit Card,0.0,0.0,0.0,85018.52,85018.52,0.0,100.0,Critical Risk
INV50984,CUST1110,Customer_111,Smb,South,Partner,Software Subscription,5.0,34942.98,25,43678.72,23586.51,154622.69,Overdue,Cheque,0.0,0.0,0.0,154622.69,154622.69,0.0,100.0,Critical Risk
INV50985,CUST1055,Customer_56,Smb,West,Online,Software Subscription,6.0,26333.18,10,26333.18,42659.75,279658.37,Paid,Debit Card,279658.37,0.0,279658.37,0.0,0.0,100.0,0.0,Low Risk
INV50986,CUST1230,Customer_231,Mid-Market,East,Online,Cloud Service,6.0,65072.19,0,0.0,70277.97,460711.11,Partially Paid,Cheque,282004.19,0.0,282004.19,178706.92,178706.91999999998,61.21,38.79,High Risk
INV50987,CUST1126,Customer_127,Mid-Market,East,Direct,Cloud Service,8.0,44786.19,5,17914.48,61267.51,401642.55,Overdue,Cheque,0.0,0.0,0.0,401642.55,401642.55,0.0,100.0,Critical Risk
INV50988,CUST1044,Customer_45,Mid-Market,North,Online,Software Subscription,7.0,17116.88,20,23963.63,17253.82,113108.35,Overdue,Credit Card,0.0,0.0,0.0,113108.35,113108.35,0.0,100.0,Critical Risk
INV50989,CUST1146,Customer_147,Mid-Market,North,Partner,Software Subscription,6.0,38306.79,10,22984.07,37234.2,244090.87,Paid,Bank Transfer,244090.87,0.0,244090.87,0.0,0.0,100.0,0.0,Low Risk
INV50990,CUST1117,Customer_118,Smb,East,Direct,Consulting,3.0,98938.67,25,74204.0,40070.16,262682.17,Overdue,Upi,0.0,0.0,0.0,262682.17,262682.17,0.0,100.0,Critical Risk
INV50991,CUST1147,Customer_148,Mid-Market,West,Online,Consulting,11.0,87943.13,25,241843.61,130595.55,856126.37,Overdue,Bank Transfer,0.0,0.0,0.0,856126.37,856126.37,0.0,100.0,Critical Risk
INV50992,CUST1118,Customer_119,Mid-Market,West,Partner,Software Subscription,1.0,18069.37,0,0.0,3252.49,21321.86,Partially Paid,Bank Transfer,9462.81,0.0,9462.81,11859.05,11859.050000000001,44.38,55.62,Critical Risk
INV50993,CUST1030,Customer_31,Mid-Market,North,Partner,Data Service,11.0,38282.23,0,0.0,75798.82,496903.35,Paid,Debit Card,496903.35,0.0,496903.35,0.0,0.0,100.0,0.0,Low Risk
INV50994,CUST1183,Customer_184,Enterprise,North,Online,Support Plan,7.0,15829.22,0,0.0,19944.82,130749.36,Paid,Credit Card,130749.36,0.0,130749.36,0.0,0.0,100.0,0.0,Low Risk
INV50995,CUST1086,Customer_87,Smb,North,Partner,Consulting,8.0,24616.12,10,19692.9,31902.49,209138.55,Paid,Debit Card,209138.55,0.0,209138.55,0.0,0.0,100.0,0.0,Low Risk
INV50996,CUST1075,Customer_76,Mid-Market,South,Direct,Cloud Service,8.0,83385.09,10,66708.07,108067.08,708439.73,Paid,Cheque,708439.73,0.0,708439.73,0.0,0.0,100.0,0.0,Low Risk
INV50997,CUST1225,Customer_226,Smb,East,Partner,Cloud Service,12.0,20945.49,10,25134.59,40718.03,266929.32,Paid,Debit Card,266929.32,0.0,266929.32,0.0,0.0,100.0,0.0,Low Risk
INV50998,CUST1037,Customer_38,Mid-Market,East,Direct,Support Plan,5.0,33507.12,10,16753.56,27140.77,177922.81,Paid,Cheque,177922.81,0.0,177922.81,0.0,0.0,100.0,0.0,Low Risk
INV50999,CUST1184,Customer_185,Mid-Market,South,Online,Data Service,7.0,30638.31,25,53617.04,28953.2,189804.33,Partially Paid,Cheque,57367.61,0.0,57367.61,132436.72,132436.71999999997,30.22,69.78,Critical Risk
INV51000,CUST1221,Customer_222,Enterprise,North,Online,Consulting,9.0,34438.96,25,77487.66,41843.34,274306.32,Paid,Bank Transfer,274306.32,0.0,274306.32,0.0,0.0,100.0,0.0,Low Risk
INV51001,CUST1052,Customer_53,Smb,North,Online,Cloud Service,10.0,53352.08,0,0.0,96033.74,629554.54,Partially Paid,Cheque,260573.18,0.0,260573.18,368981.36,368981.36000000004,41.39,58.61,Critical Risk
INV51002,CUST1170,Customer_171,Smb,North,Direct,Software Subscription,6.0,40299.0,0,0.0,43522.92,285316.92,Paid,Debit Card,285316.92,0.0,285316.92,0.0,0.0,100.0,0.0,Low Risk
INV51003,CUST1204,Customer_205,Mid-Market,East,Online,Consulting,4.0,91883.61,25,91883.61,49617.15,325267.98,Paid,Upi,325267.98,0.0,325267.98,0.0,0.0,100.0,0.0,Low Risk
INV51004,CUST1231,Customer_232,Enterprise,West,Partner,Data Service,5.0,49747.74,0,0.0,44772.97,293511.67,Paid,Bank Transfer,293511.67,0.0,293511.67,0.0,0.0,100.0,0.0,Low Risk
INV51005,CUST1018,Customer_19,Smb,South,Online,Software Subscription,8.0,32374.98,0,0.0,46619.97,305619.81,Paid,Debit Card,305619.81,0.0,305619.81,0.0,0.0,100.0,0.0,Low Risk
INV51006,CUST1110,Customer_111,Enterprise,West,Direct,Software Subscription,12.0,33614.23,25,100842.69,54455.05,356983.12,Unpaid,Upi,0.0,0.0,0.0,356983.12,356983.12,0.0,100.0,Critical Risk
INV51007,CUST1161,Customer_162,Smb,South,Partner,Data Service,8.0,52007.37,10,41605.9,67401.55,441854.61,Overdue,Upi,0.0,0.0,0.0,441854.61,441854.61,0.0,100.0,Critical Risk
INV51008,CUST1193,Customer_194,Enterprise,West,Direct,Support Plan,1.0,12490.04,15,1873.51,1910.98,12527.51,Overdue,Credit Card,0.0,0.0,0.0,12527.51,12527.51,0.0,100.0,Critical Risk
INV51009,CUST1077,Customer_78,Smb,South,Direct,Support Plan,6.0,19682.75,5,5904.82,20194.5,132386.18,Paid,Upi,132386.18,0.0,132386.18,0.0,0.0,100.0,0.0,Low Risk
INV51010,CUST1120,Customer_121,Smb,South,Direct,Cloud Service,10.0,27696.76,10,27696.76,44868.75,294139.59,Paid,Debit Card,294139.59,0.0,294139.59,0.0,0.0,100.0,0.0,Low Risk
INV51011,CUST1169,Customer_170,Smb,East,Partner,Data Service,8.0,59346.4,20,94954.24,68367.05,448184.01,Unpaid,Upi,0.0,0.0,0.0,448184.01,448184.01,0.0,100.0,Critical Risk
INV51012,CUST1085,Customer_86,Mid-Market,West,Direct,Cloud Service,8.0,85524.75,10,68419.8,110840.08,726618.28,Paid,Debit Card,726618.28,0.0,726618.28,0.0,0.0,100.0,0.0,Low Risk
INV51013,CUST1165,Customer_166,Enterprise,East,Partner,Support Plan,6.0,6182.8,0,0.0,5564.52,36478.52,Unpaid,Upi,0.0,0.0,0.0,36478.52,36478.52,0.0,100.0,Critical Risk
INV51014,CUST1202,Customer_203,Smb,West,Partner,Data Service,9.0,44395.48,10,39955.93,64728.61,424332.0,Unpaid,Bank Transfer,0.0,0.0,0.0,424332.0,424332.0,0.0,100.0,Critical Risk
INV51015,CUST1083,Customer_84,Mid-Market,West,Direct,Data Service,8.0,56038.16,0,0.0,80694.95,529000.23,Unpaid,Upi,0.0,0.0,0.0,529000.23,529000.23,0.0,100.0,Critical Risk
INV51016,CUST1014,Customer_15,Mid-Market,West,Direct,Cloud Service,9.0,24446.03,15,33002.14,33662.18,220674.31,Paid,Bank Transfer,220674.31,0.0,220674.31,0.0,0.0,100.0,0.0,Low Risk
INV51017,CUST1223,Customer_224,Smb,East,Online,Cloud Service,10.0,55435.62,10,55435.62,89805.7,588726.28,Paid,Cheque,588726.28,0.0,588726.28,0.0,0.0,100.0,0.0,Low Risk
INV51018,CUST1035,Customer_36,Mid-Market,West,Online,Software Subscription,12.0,41873.07,15,75371.53,76878.96,503984.27,Overdue,Credit Card,0.0,0.0,0.0,503984.27,503984.27,0.0,100.0,Critical Risk
INV51019,CUST1058,Customer_59,Mid-Market,North,Direct,Cloud Service,4.0,12715.68,10,5086.27,8239.76,54016.21,Paid,Bank Transfer,54016.21,0.0,54016.21,0.0,0.0,100.0,0.0,Low Risk
INV51020,CUST1206,Customer_207,Mid-Market,North,Online,Software Subscription,9.0,33804.55,0,0.0,54763.37,359004.32,Overdue,Debit Card,0.0,0.0,0.0,359004.32,359004.32,0.0,100.0,Critical Risk
INV51021,CUST1125,Customer_126,Smb,North,Online,Cloud Service,11.0,33787.92,0,0.0,66900.08,438567.2,Unpaid,Credit Card,0.0,0.0,0.0,438567.2,438567.2,0.0,100.0,Critical Risk
INV51022,CUST1166,Customer_167,Enterprise,South,Online,Software Subscription,11.0,42202.66,20,92845.85,66849.01,438232.42,Unpaid,Upi,0.0,0.0,0.0,438232.42,438232.42,0.0,100.0,Critical Risk
INV51023,CUST1147,Customer_148,Smb,East,Direct,Data Service,12.0,58466.09,20,140318.62,101029.4,662303.86,Overdue,Cheque,0.0,0.0,0.0,662303.86,662303.86,0.0,100.0,Critical Risk
INV51024,CUST1057,Customer_58,Smb,South,Online,Consulting,5.0,114147.98,10,57073.99,92459.86,606125.77,Partially Paid,Upi,400447.48,0.0,400447.48,205678.29,205678.29000000004,66.07,33.93,High Risk
INV51025,CUST1052,Customer_53,Smb,North,Partner,Software Subscription,1.0,25545.93,0,0.0,4598.27,30144.2,Unpaid,Upi,0.0,0.0,0.0,30144.2,30144.2,0.0,100.0,Critical Risk
INV51026,CUST1077,Customer_78,Smb,West,Direct,Cloud Service,4.0,78963.41,10,31585.36,51168.29,335436.57,Unpaid,Debit Card,0.0,0.0,0.0,335436.57,335436.57,0.0,100.0,Critical Risk
INV51027,CUST1097,Customer_98,Smb,North,Direct,Support Plan,7.0,30336.48,10,21235.54,34401.57,225521.39,Paid,Credit Card,225521.39,0.0,225521.39,0.0,0.0,100.0,0.0,Low Risk
INV51028,CUST1030,Customer_31,Enterprise,North,Online,Data Service,6.0,23912.33,15,21521.1,21951.52,143904.4,Paid,Upi,143904.4,0.0,143904.4,0.0,0.0,100.0,0.0,Low Risk
INV51029,CUST1028,Customer_29,Enterprise,North,Partner,Software Subscription,1.0,38669.87,20,7733.97,5568.46,36504.36,Unpaid,Upi,0.0,0.0,0.0,36504.36,36504.36,0.0,100.0,Critical Risk
INV51030,CUST1242,Customer_243,Enterprise,North,Partner,Cloud Service,4.0,12960.61,0,0.0,9331.64,61174.08,Partially Paid,Upi,41971.64,0.0,41971.64,19202.44,19202.440000000002,68.61,31.39,High Risk
INV51031,CUST1045,Customer_46,Mid-Market,North,Direct,Consulting,9.0,77608.34,5,34923.75,119439.24,782990.55,Paid,Cheque,782990.55,0.0,782990.55,0.0,0.0,100.0,0.0,Low Risk
INV51032,CUST1158,Customer_159,Smb,South,Online,Consulting,7.0,39150.93,5,13702.83,46863.66,307217.34,Paid,Credit Card,307217.34,0.0,307217.34,0.0,0.0,100.0,0.0,Low Risk
INV51033,CUST1007,Customer_8,Mid-Market,East,Direct,Cloud Service,7.0,19645.35,15,20627.62,21040.17,137930.0,Overdue,Bank Transfer,0.0,0.0,0.0,137930.0,137930.0,0.0,100.0,Critical Risk
INV51034,CUST1008,Customer_9,Mid-Market,South,Direct,Consulting,7.0,23080.09,0,0.0,29080.91,190641.54,Paid,Bank Transfer,190641.54,0.0,190641.54,0.0,0.0,100.0,0.0,Low Risk
INV51035,CUST1023,Customer_24,Smb,West,Direct,Software Subscription,2.0,33762.68,25,16881.34,9115.92,59759.94,Paid,Cheque,59759.94,0.0,59759.94,0.0,0.0,100.0,0.0,Low Risk
INV51036,CUST1120,Customer_121,Enterprise,North,Partner,Cloud Service,3.0,37190.0,15,16735.5,17070.21,111904.71,Partially Paid,Debit Card,46927.2,0.0,46927.2,64977.51,64977.51000000001,41.93,58.07,Critical Risk
INV51037,CUST1131,Customer_132,Smb,East,Online,Consulting,4.0,91100.51,0,0.0,65592.37,429994.41,Unpaid,Bank Transfer,0.0,0.0,0.0,429994.41,429994.41,0.0,100.0,Critical Risk
INV51038,CUST1047,Customer_48,Mid-Market,East,Direct,Cloud Service,6.0,15228.51,25,22842.76,12335.09,80863.39,Partially Paid,Upi,41398.03,0.0,41398.03,39465.36,39465.36,51.2,48.8,High Risk
INV51039,CUST1037,Customer_38,Mid-Market,North,Direct,Software Subscription,12.0,19665.74,20,47197.78,33982.4,222773.5,Partially Paid,Bank Transfer,150710.04,0.0,150710.04,72063.46,72063.45999999999,67.65,32.35,High Risk
INV51040,CUST1082,Customer_83,Smb,West,Partner,Support Plan,8.0,21184.74,15,25421.69,25930.12,169986.35,Paid,Credit Card,169986.35,0.0,169986.35,0.0,0.0,100.0,0.0,Low Risk
INV51041,CUST1112,Customer_113,Smb,East,Partner,Cloud Service,11.0,73257.85,15,120875.45,123292.96,808253.86,Paid,Debit Card,808253.86,0.0,808253.86,0.0,0.0,100.0,0.0,Low Risk
INV51042,CUST1219,Customer_220,Smb,North,Online,Data Service,5.0,23893.88,0,0.0,21504.49,140973.89,Unpaid,Credit Card,0.0,0.0,0.0,140973.89,140973.89,0.0,100.0,Critical Risk
INV51043,CUST1212,Customer_213,Smb,West,Partner,Data Service,12.0,40172.24,10,48206.69,78094.83,511955.02,Paid,Cheque,511955.02,0.0,511955.02,0.0,0.0,100.0,0.0,Low Risk
INV51044,CUST1209,Customer_210,Enterprise,North,Direct,Data Service,4.0,53956.82,5,10791.36,36906.47,241942.39,Unpaid,Upi,0.0,0.0,0.0,241942.39,241942.39,0.0,100.0,Critical Risk
INV51045,CUST1092,Customer_93,Mid-Market,South,Online,Data Service,3.0,39640.75,15,17838.34,18195.1,119279.01,Paid,Credit Card,119279.01,0.0,119279.01,0.0,0.0,100.0,0.0,Low Risk
INV51046,CUST1012,Customer_13,Enterprise,West,Partner,Support Plan,5.0,11988.78,20,11988.78,8631.92,56587.04,Overdue,Upi,0.0,0.0,0.0,56587.04,56587.04,0.0,100.0,Critical Risk
INV51047,CUST1019,Customer_20,Smb,North,Direct,Data Service,11.0,8293.24,10,9122.56,14778.55,96881.63,Paid,Debit Card,96881.63,0.0,96881.63,0.0,0.0,100.0,0.0,Low Risk
INV51048,CUST1210,Customer_211,Smb,East,Direct,Consulting,7.0,106360.38,5,37226.13,127313.38,834609.91,Partially Paid,Credit Card,362721.3,0.0,362721.3,471888.61,471888.61000000004,43.46,56.54,Critical Risk
INV51049,CUST1031,Customer_32,Mid-Market,East,Partner,Data Service,11.0,8127.28,5,4470.0,15287.41,100217.49,Paid,Bank Transfer,100217.49,0.0,100217.49,0.0,0.0,100.0,0.0,Low Risk
INV51050,CUST1026,Customer_27,Mid-Market,West,Direct,Data Service,8.0,53359.19,10,42687.35,69153.51,453339.68,Partially Paid,Bank Transfer,171948.72,0.0,171948.72,281390.96,281390.95999999996,37.93,62.07,Critical Risk
INV51051,CUST1097,Customer_98,Enterprise,West,Partner,Cloud Service,2.0,52314.97,25,26157.49,14125.04,92597.49,Paid,Credit Card,92597.49,0.0,92597.49,0.0,0.0,100.0,0.0,Low Risk
INV51052,CUST1245,Customer_246,Mid-Market,West,Direct,Cloud Service,4.0,85125.42,25,85125.42,45967.73,301343.99,Unpaid,Bank Transfer,0.0,0.0,0.0,301343.99,301343.99,0.0,100.0,Critical Risk
INV51053,CUST1163,Customer_164,Mid-Market,North,Online,Support Plan,11.0,28963.5,10,31859.85,51612.96,338351.61,Overdue,Debit Card,0.0,0.0,0.0,338351.61,338351.61,0.0,100.0,Critical Risk
INV51054,CUST1151,Customer_152,Smb,West,Online,Cloud Service,2.0,89834.73,25,44917.36,24255.38,159007.48,Paid,Cheque,159007.48,0.0,159007.48,0.0,0.0,100.0,0.0,Low Risk
INV51055,CUST1027,Customer_28,Mid-Market,East,Online,Software Subscription,10.0,20976.34,0,0.0,37757.41,247520.81,Paid,Cheque,247520.81,0.0,247520.81,0.0,0.0,100.0,0.0,Low Risk
INV51056,CUST1088,Customer_89,Mid-Market,West,Online,Support Plan,8.0,28015.65,0,0.0,40342.54,264467.74,Overdue,Bank Transfer,0.0,0.0,0.0,264467.74,264467.74,0.0,100.0,Critical Risk
INV51057,CUST1161,Customer_162,Enterprise,East,Partner,Software Subscription,5.0,22871.44,20,0.0,16467.44,107953.2,Unpaid,Upi,0.0,0.0,0.0,107953.2,107953.2,0.0,100.0,Critical Risk
INV51058,CUST1114,Customer_115,Mid-Market,East,Online,Cloud Service,8.0,48390.05,10,38712.04,62713.5,411121.86,Unpaid,Debit Card,0.0,0.0,0.0,411121.86,411121.86,0.0,100.0,Critical Risk
INV51059,CUST1219,Customer_220,Smb,North,Online,Cloud Service,10.0,60200.44,10,60200.44,97524.71,639328.67,Paid,Debit Card,639328.67,0.0,639328.67,0.0,0.0,100.0,0.0,Low Risk
INV51060,CUST1047,Customer_48,Mid-Market,East,Direct,Consulting,5.0,106736.1,25,133420.12,72046.87,472307.25,Paid,Credit Card,472307.25,0.0,472307.25,0.0,0.0,100.0,0.0,Low Risk
INV51061,CUST1048,Customer_49,Mid-Market,West,Online,Data Service,12.0,59156.42,10,70987.7,115000.08,753889.42,Unpaid,Bank Transfer,0.0,0.0,0.0,753889.42,753889.42,0.0,100.0,Critical Risk
INV51062,CUST1182,Customer_183,Mid-Market,West,Direct,Support Plan,5.0,28048.2,5,7012.05,23981.21,157210.16,Unpaid,Debit Card,0.0,0.0,0.0,157210.16,157210.16,0.0,100.0,Critical Risk
INV51063,CUST1145,Customer_146,Enterprise,South,Online,Cloud Service,4.0,43421.34,25,43421.34,23447.52,153711.54,Unpaid,Upi,0.0,0.0,0.0,153711.54,153711.54,0.0,100.0,Critical Risk
INV51064,CUST1213,Customer_214,Mid-Market,South,Direct,Consulting,4.0,59242.49,10,23697.0,38389.13,251662.09,Paid,Upi,251662.09,0.0,251662.09,0.0,0.0,100.0,0.0,Low Risk
INV51065,CUST1123,Customer_124,Enterprise,West,Online,Support Plan,9.0,27127.47,10,24414.72,39551.85,259284.36,Paid,Cheque,259284.36,0.0,259284.36,0.0,0.0,100.0,0.0,Low Risk
INV51066,CUST1205,Customer_206,Enterprise,East,Online,Support Plan,6.0,12163.31,15,10946.98,11165.92,73198.8,Overdue,Upi,0.0,0.0,0.0,73198.8,73198.8,0.0,100.0,Critical Risk
INV51067,CUST1220,Customer_221,Enterprise,West,Online,Consulting,9.0,26599.78,5,11969.9,40937.06,268365.18,Paid,Upi,268365.18,0.0,268365.18,0.0,0.0,100.0,0.0,Low Risk
INV51068,CUST1183,Customer_184,Mid-Market,West,Online,Data Service,4.0,25794.97,25,25794.97,13929.28,91314.19,Paid,Debit Card,91314.19,0.0,91314.19,0.0,0.0,100.0,0.0,Low Risk
INV51069,CUST1244,Customer_245,Enterprise,South,Direct,Software Subscription,9.0,18627.84,25,41912.64,22632.83,148370.75,Paid,Upi,148370.75,30626.9,117743.85,30626.9,30626.899999999994,79.36,20.64,Medium Risk
INV51070,CUST1064,Customer_65,Enterprise,South,Partner,Software Subscription,12.0,18963.4,25,56890.2,30720.71,201391.31,Paid,Credit Card,201391.31,0.0,201391.31,0.0,0.0,100.0,0.0,Low Risk
INV51071,CUST1178,Customer_179,Mid-Market,East,Direct,Cloud Service,4.0,28688.62,20,22950.9,16524.64,108328.22,Paid,Cheque,108328.22,0.0,108328.22,0.0,0.0,100.0,0.0,Low Risk
INV51072,CUST1030,Customer_31,Mid-Market,South,Direct,Software Subscription,10.0,9557.45,0,0.0,17203.41,112777.91,Paid,Cheque,112777.91,0.0,112777.91,0.0,0.0,100.0,0.0,Low Risk
INV51073,CUST1166,Customer_167,Enterprise,West,Partner,Software Subscription,6.0,8661.34,0,0.0,9354.25,61322.29,Paid,Debit Card,61322.29,0.0,61322.29,0.0,0.0,100.0,0.0,Low Risk
INV51074,CUST1046,Customer_47,Smb,South,Partner,Cloud Service,3.0,89017.79,20,53410.67,38455.69,252098.39,Overdue,Debit Card,0.0,0.0,0.0,252098.39,252098.39,0.0,100.0,Critical Risk
INV51075,CUST1165,Customer_166,Mid-Market,North,Online,Cloud Service,8.0,44221.85,0,0.0,63679.46,417454.26,Paid,Upi,417454.26,134742.44,282711.82,134742.44,134742.44,67.72,32.28,High Risk
INV51076,CUST1246,Customer_247,Enterprise,East,Direct,Software Subscription,1.0,22220.09,15,3333.01,3399.67,22286.75,Paid,Credit Card,22286.75,10192.07,12094.68,10192.07,10192.07,54.27,45.73,High Risk
INV51077,CUST1137,Customer_138,Smb,South,Online,Cloud Service,2.0,64371.78,5,6437.18,22015.15,144321.53,Partially Paid,Credit Card,78567.34,0.0,78567.34,65754.19,65754.19,54.44,45.56,High Risk
INV51078,CUST1009,Customer_10,Enterprise,South,Direct,Software Subscription,5.0,16075.39,10,8037.69,13021.07,85360.33,Paid,Debit Card,85360.33,0.0,85360.33,0.0,0.0,100.0,0.0,Low Risk
INV51079,CUST1235,Customer_236,Smb,North,Partner,Support Plan,11.0,33498.84,20,73697.45,53062.16,347851.95,Unpaid,Credit Card,0.0,0.0,0.0,347851.95,347851.95,0.0,100.0,Critical Risk
INV51080,CUST1245,Customer_246,Enterprise,West,Online,Consulting,7.0,97566.23,0,0.0,122933.45,805897.06,Paid,Cheque,805897.06,0.0,805897.06,0.0,0.0,100.0,0.0,Low Risk
INV51081,CUST1167,Customer_168,Smb,East,Partner,Data Service,10.0,11738.78,20,23477.56,16903.84,110814.08,Unpaid,Credit Card,0.0,0.0,0.0,110814.08,110814.08,0.0,100.0,Critical Risk
INV51082,CUST1241,Customer_242,Mid-Market,West,Online,Support Plan,7.0,17527.42,20,24538.39,17667.64,115821.19,Paid,Debit Card,115821.19,11228.09,104593.1,11228.09,11228.089999999997,90.31,9.69,Low Risk
INV51083,CUST1197,Customer_198,Mid-Market,South,Online,Software Subscription,9.0,40527.38,0,0.0,65654.36,430400.78,Paid,Upi,430400.78,0.0,430400.78,0.0,0.0,100.0,0.0,Low Risk
INV51084,CUST1247,Customer_248,Smb,West,Online,Consulting,6.0,114196.86,0,0.0,123332.61,808513.77,Unpaid,Cheque,0.0,0.0,0.0,808513.77,808513.77,0.0,100.0,Critical Risk
INV51085,CUST1178,Customer_179,Smb,East,Direct,Consulting,2.0,64077.16,25,32038.58,17300.83,113416.57,Overdue,Credit Card,0.0,0.0,0.0,113416.57,113416.57,0.0,100.0,Critical Risk
INV51086,CUST1163,Customer_164,Mid-Market,East,Direct,Software Subscription,7.0,30696.22,10,21487.35,34809.51,228195.7,Overdue,Credit Card,0.0,0.0,0.0,228195.7,228195.7,0.0,100.0,Critical Risk
INV51087,CUST1211,Customer_212,Smb,East,Partner,Support Plan,1.0,10011.02,5,500.55,1711.88,11222.35,Paid,Cheque,11222.35,0.0,11222.35,0.0,0.0,100.0,0.0,Low Risk
INV51088,CUST1188,Customer_189,Enterprise,East,Direct,Support Plan,12.0,34735.06,0,0.0,75027.73,491848.45,Paid,Debit Card,491848.45,0.0,491848.45,0.0,0.0,100.0,0.0,Low Risk
INV51089,CUST1177,Customer_178,Smb,South,Partner,Support Plan,3.0,11950.15,10,3585.05,5807.77,38073.17,Paid,Bank Transfer,38073.17,0.0,38073.17,0.0,0.0,100.0,0.0,Low Risk
INV51090,CUST1241,Customer_242,Mid-Market,North,Direct,Support Plan,5.0,33281.95,10,16640.97,26958.38,176727.16,Paid,Debit Card,176727.16,0.0,176727.16,0.0,0.0,100.0,0.0,Low Risk
INV51091,CUST1216,Customer_217,Mid-Market,South,Direct,Consulting,9.0,83212.9,0,0.0,134804.9,883721.0,Paid,Debit Card,883721.0,0.0,883721.0,0.0,0.0,100.0,0.0,Low Risk
INV51092,CUST1061,Customer_62,Smb,South,Direct,Cloud Service,8.0,58618.94,5,23447.58,80190.71,525694.65,Paid,Upi,525694.65,0.0,525694.65,0.0,0.0,100.0,0.0,Low Risk
INV51093,CUST1087,Customer_88,Enterprise,North,Partner,Cloud Service,3.0,51015.08,15,22956.79,23415.92,153504.37,Paid,Debit Card,153504.37,0.0,153504.37,0.0,0.0,100.0,0.0,Low Risk
INV51094,CUST1016,Customer_17,Smb,South,Online,Consulting,6.0,39220.33,25,58830.5,31768.47,208259.95,Paid,Cheque,208259.95,0.0,208259.95,0.0,0.0,100.0,0.0,Low Risk
INV51095,CUST1140,Customer_141,Enterprise,South,Online,Software Subscription,2.0,14531.54,0,0.0,5231.35,34294.43,Paid,Upi,34294.43,0.0,34294.43,0.0,0.0,100.0,0.0,Low Risk
INV51096,CUST1230,Customer_231,Smb,North,Direct,Consulting,1.0,38151.05,20,7630.21,5493.75,36014.59,Paid,Bank Transfer,36014.59,8081.22,27933.37,8081.22,8081.2199999999975,77.56,22.44,Medium Risk
INV51097,CUST1210,Customer_211,Enterprise,West,Online,Data Service,11.0,16881.23,20,37138.71,26739.87,175294.69,Paid,Credit Card,175294.69,0.0,175294.69,0.0,0.0,100.0,0.0,Low Risk
INV51098,CUST1162,Customer_163,Mid-Market,South,Partner,Consulting,8.0,96856.37,15,116227.64,118552.2,777175.52,Paid,Upi,777175.52,0.0,777175.52,0.0,0.0,100.0,0.0,Low Risk
INV51099,CUST1110,Customer_111,Enterprise,South,Partner,Consulting,1.0,51763.15,25,12940.79,6988.02,45810.38,Paid,Credit Card,45810.38,0.0,45810.38,0.0,0.0,100.0,0.0,Low Risk
INV51100,CUST1107,Customer_108,Enterprise,East,Partner,Support Plan,12.0,6735.28,25,20205.84,10911.15,71528.67,Paid,Upi,71528.67,0.0,71528.67,0.0,0.0,100.0,0.0,Low Risk
INV51101,CUST1052,Customer_53,Smb,East,Partner,Consulting,10.0,116755.78,10,116755.78,189144.36,1239946.38,Overdue,Cheque,0.0,0.0,0.0,1239946.38,1239946.38,0.0,100.0,Critical Risk
INV51102,CUST1078,Customer_79,Smb,West,Direct,Consulting,8.0,107797.52,0,0.0,155228.43,1017608.59,Paid,Credit Card,1017608.59,0.0,1017608.59,0.0,0.0,100.0,0.0,Low Risk
INV51103,CUST1227,Customer_228,Smb,South,Partner,Support Plan,9.0,32832.57,20,59098.63,42551.01,278945.51,Paid,Cheque,278945.51,0.0,278945.51,0.0,0.0,100.0,0.0,Low Risk
INV51104,CUST1144,Customer_145,Mid-Market,South,Online,Support Plan,10.0,34847.23,10,34847.23,56452.51,370077.58,Paid,Credit Card,370077.58,0.0,370077.58,0.0,0.0,100.0,0.0,Low Risk
INV51105,CUST1238,Customer_239,Mid-Market,North,Direct,Data Service,12.0,16216.45,0,0.0,35027.53,229624.93,Partially Paid,Upi,154348.68,0.0,154348.68,75276.25,75276.25,67.22,32.78,High Risk
INV51106,CUST1051,Customer_52,Mid-Market,West,Partner,Consulting,5.0,56605.41,0,0.0,50944.87,333971.92,Paid,Upi,333971.92,0.0,333971.92,0.0,0.0,100.0,0.0,Low Risk
INV51107,CUST1025,Customer_26,Enterprise,West,Direct,Consulting,3.0,94615.04,5,14192.26,48537.51,318190.37,Paid,Cheque,318190.37,0.0,318190.37,0.0,0.0,100.0,0.0,Low Risk
INV51108,CUST1249,Customer_250,Smb,West,Partner,Consulting,8.0,88082.16,0,0.0,126838.31,831495.59,Unpaid,Debit Card,0.0,0.0,0.0,831495.59,831495.59,0.0,100.0,Critical Risk
INV51109,CUST1150,Customer_151,Mid-Market,East,Partner,Cloud Service,8.0,22311.67,5,8924.67,30522.36,200091.05,Paid,Bank Transfer,200091.05,54283.73,145807.32,54283.73,54283.72999999998,72.87,27.13,Medium Risk
INV51110,CUST1034,Customer_35,Mid-Market,South,Online,Support Plan,3.0,29474.99,0,0.0,15916.49,104341.46,Overdue,Upi,0.0,0.0,0.0,104341.46,104341.46,0.0,100.0,Critical Risk
INV51111,CUST1154,Customer_155,Enterprise,East,Direct,Support Plan,1.0,11733.22,20,2346.64,1689.58,11076.16,Overdue,Cheque,0.0,0.0,0.0,11076.16,11076.16,0.0,100.0,Critical Risk
INV51112,CUST1081,Customer_82,Enterprise,West,Partner,Software Subscription,11.0,16281.25,10,17909.38,29013.19,190197.56,Unpaid,Bank Transfer,0.0,0.0,0.0,190197.56,190197.56,0.0,100.0,Critical Risk
INV51113,CUST1020,Customer_21,Smb,West,Partner,Software Subscription,3.0,27868.05,0,0.0,15048.75,98652.9,Unpaid,Debit Card,0.0,0.0,0.0,98652.9,98652.9,0.0,100.0,Critical Risk
INV51114,CUST1085,Customer_86,Smb,East,Online,Data Service,7.0,38425.82,20,53796.15,38733.23,253917.82,Unpaid,Upi,0.0,0.0,0.0,253917.82,253917.82,0.0,100.0,Critical Risk
INV51115,CUST1068,Customer_69,Smb,North,Direct,Support Plan,11.0,22402.59,0,0.0,0.0,290785.62,Unpaid,Credit Card,0.0,0.0,0.0,290785.62,290785.62,0.0,100.0,Critical Risk
INV51116,CUST1045,Customer_46,Smb,North,Online,Consulting,10.0,24606.12,10,24606.12,39861.91,261316.99,Unpaid,Bank Transfer,0.0,0.0,0.0,261316.99,261316.99,0.0,100.0,Critical Risk
INV51117,CUST1149,Customer_150,Mid-Market,North,Direct,Support Plan,11.0,31323.83,15,51684.32,52718.01,345595.82,Unpaid,Credit Card,0.0,0.0,0.0,345595.82,345595.82,0.0,100.0,Critical Risk
INV51118,CUST1023,Customer_24,Mid-Market,North,Online,Software Subscription,1.0,17827.2,20,3565.44,2567.12,16828.88,Unpaid,Bank Transfer,0.0,0.0,0.0,16828.88,16828.88,0.0,100.0,Critical Risk
INV51119,CUST1135,Customer_136,Smb,North,Partner,Consulting,12.0,28599.07,25,85797.21,46330.49,303722.12,Partially Paid,Credit Card,94651.64,0.0,94651.64,209070.48,209070.47999999998,31.16,68.84,Critical Risk
INV51120,CUST1249,Customer_250,Smb,South,Partner,Consulting,9.0,108318.55,10,97486.7,157928.45,1035308.7,Partially Paid,Credit Card,643673.01,0.0,643673.01,391635.69,391635.68999999994,62.17,37.83,High Risk
INV51121,CUST1214,Customer_215,Mid-Market,East,Online,Data Service,7.0,57649.53,10,40354.67,65374.57,428566.61,Paid,Credit Card,428566.61,0.0,428566.61,0.0,0.0,100.0,0.0,Low Risk
INV51122,CUST1193,Customer_194,Smb,West,Direct,Software Subscription,2.0,39898.72,25,19949.36,10772.65,70620.73,Paid,Debit Card,70620.73,0.0,70620.73,0.0,0.0,100.0,0.0,Low Risk
INV51123,CUST1150,Customer_151,Mid-Market,East,Partner,Cloud Service,12.0,74761.29,0,0.0,161484.39,1058619.87,Paid,Upi,1058619.87,0.0,1058619.87,0.0,0.0,100.0,0.0,Low Risk
INV51124,CUST1076,Customer_77,Mid-Market,East,Partner,Cloud Service,9.0,62419.36,10,56177.42,91007.43,596604.25,Paid,Debit Card,596604.25,0.0,596604.25,0.0,0.0,100.0,0.0,Low Risk
INV51125,CUST1118,Customer_119,Enterprise,West,Direct,Support Plan,8.0,21525.72,5,8610.29,29447.18,193042.65,Paid,Credit Card,193042.65,0.0,193042.65,0.0,0.0,100.0,0.0,Low Risk
INV51126,CUST1038,Customer_39,Smb,South,Direct,Software Subscription,7.0,11218.51,5,3926.48,13428.56,88031.65,Paid,Bank Transfer,88031.65,0.0,88031.65,0.0,0.0,100.0,0.0,Low Risk
INV51127,CUST1069,Customer_70,Smb,East,Direct,Software Subscription,8.0,23112.77,20,36980.43,26625.91,174547.64,Paid,Credit Card,174547.64,0.0,174547.64,0.0,0.0,100.0,0.0,Low Risk
INV51128,CUST1111,Customer_112,Enterprise,East,Online,Consulting,8.0,54132.29,0,0.0,77950.5,511008.82,Paid,Debit Card,511008.82,0.0,511008.82,0.0,0.0,100.0,0.0,Low Risk
INV51129,CUST1132,Customer_133,Enterprise,South,Partner,Consulting,7.0,42274.15,25,73979.76,39949.07,261888.36,Paid,Upi,261888.36,0.0,261888.36,0.0,0.0,100.0,0.0,Low Risk
INV51130,CUST1033,Customer_34,Mid-Market,East,Online,Cloud Service,12.0,67873.61,15,122172.5,124615.95,816926.77,Unpaid,Debit Card,0.0,0.0,0.0,816926.77,816926.77,0.0,100.0,Critical Risk
INV51131,CUST1094,Customer_95,Smb,West,Partner,Consulting,6.0,67066.95,10,40240.17,65189.08,427350.61,Overdue,Cheque,0.0,0.0,0.0,427350.61,427350.61,0.0,100.0,Critical Risk
INV51132,CUST1230,Customer_231,Smb,South,Partner,Cloud Service,11.0,16483.7,10,18132.07,29373.95,192562.58,Unpaid,Cheque,0.0,0.0,0.0,192562.58,192562.58,0.0,100.0,Critical Risk
INV51133,CUST1130,Customer_131,Enterprise,East,Direct,Support Plan,3.0,11605.5,15,5222.48,5326.92,34920.94,Paid,Debit Card,34920.94,0.0,34920.94,0.0,0.0,100.0,0.0,Low Risk
INV51134,CUST1182,Customer_183,Smb,West,Online,Software Subscription,8.0,33280.57,10,26624.46,43131.62,282751.72,Paid,Credit Card,282751.72,59455.89,223295.83,59455.89,59455.889999999985,78.97,21.03,Medium Risk
INV51135,CUST1080,Customer_81,Mid-Market,North,Partner,Data Service,4.0,11034.94,10,4413.98,7150.64,46876.42,Overdue,Bank Transfer,0.0,0.0,0.0,46876.42,46876.42,0.0,100.0,Critical Risk
INV51136,CUST1202,Customer_203,Smb,North,Online,Software Subscription,5.0,39494.66,10,19747.33,31990.67,209716.64,Paid,Debit Card,209716.64,0.0,209716.64,0.0,0.0,100.0,0.0,Low Risk
INV51137,CUST1198,Customer_199,Enterprise,East,Direct,Consulting,8.0,66990.39,20,107184.62,77172.93,505911.43,Paid,Upi,505911.43,0.0,505911.43,0.0,0.0,100.0,0.0,Low Risk
INV51138,CUST1180,Customer_181,Mid-Market,East,Online,Cloud Service,3.0,48446.93,5,7267.04,24853.27,162927.02,Paid,Debit Card,162927.02,11989.89,150937.13,11989.89,11989.889999999985,92.64,7.36,Low Risk
INV51139,CUST1212,Customer_213,Mid-Market,North,Online,Data Service,1.0,38397.61,20,7679.52,5529.26,36247.35,Partially Paid,Upi,15851.79,0.0,15851.79,20395.56,20395.559999999998,43.73,56.27,Critical Risk
INV51140,CUST1014,Customer_15,Mid-Market,North,Online,Consulting,8.0,101591.5,0,0.0,146291.76,959023.76,Overdue,Credit Card,0.0,0.0,0.0,959023.76,959023.76,0.0,100.0,Critical Risk
INV51141,CUST1248,Customer_249,Smb,North,Online,Software Subscription,7.0,20868.94,15,21912.39,22350.63,146520.82,Unpaid,Debit Card,0.0,0.0,0.0,146520.82,146520.82,0.0,100.0,Critical Risk
INV51142,CUST1210,Customer_211,Smb,East,Direct,Consulting,8.0,86191.7,5,34476.68,117910.25,772967.17,Paid,Credit Card,772967.17,0.0,772967.17,0.0,0.0,100.0,0.0,Low Risk
INV51143,CUST1164,Customer_165,Enterprise,South,Direct,Consulting,8.0,74401.86,0,0.0,107138.68,702353.56,Paid,Cheque,702353.56,0.0,702353.56,0.0,0.0,100.0,0.0,Low Risk
INV51144,CUST1193,Customer_194,Mid-Market,West,Online,Support Plan,1.0,13010.85,10,1301.09,2107.76,13817.52,Paid,Bank Transfer,13817.52,0.0,13817.52,0.0,0.0,100.0,0.0,Low Risk
INV51145,CUST1009,Customer_10,Smb,East,Online,Data Service,8.0,53567.39,0,0.0,77137.04,505676.16,Paid,Credit Card,505676.16,0.0,505676.16,0.0,0.0,100.0,0.0,Low Risk
INV51146,CUST1137,Customer_138,Smb,South,Direct,Data Service,5.0,49263.58,10,24631.79,39903.5,261589.61,Paid,Cheque,261589.61,0.0,261589.61,0.0,0.0,100.0,0.0,Low Risk
INV51147,CUST1083,Customer_84,Enterprise,West,Direct,Support Plan,2.0,24753.56,10,4950.71,8020.15,52576.56,Paid,Credit Card,52576.56,0.0,52576.56,0.0,0.0,100.0,0.0,Low Risk
INV51148,CUST1205,Customer_206,Smb,East,Partner,Consulting,4.0,104311.08,10,41724.43,67593.58,443113.47,Unpaid,Debit Card,0.0,0.0,0.0,443113.47,443113.47,0.0,100.0,Critical Risk
INV51149,CUST1227,Customer_228,Enterprise,South,Partner,Cloud Service,4.0,79383.54,0,0.0,57156.15,374690.31,Paid,Credit Card,374690.31,0.0,374690.31,0.0,0.0,100.0,0.0,Low Risk
INV51150,CUST1117,Customer_118,Enterprise,South,Direct,Data Service,3.0,44543.24,25,33407.43,18040.01,118262.3,Paid,Cheque,118262.3,0.0,118262.3,0.0,0.0,100.0,0.0,Low Risk
INV51151,CUST1158,Customer_159,Smb,South,Direct,Software Subscription,5.0,38969.49,0,0.0,35072.54,229919.99,Paid,Bank Transfer,229919.99,0.0,229919.99,0.0,0.0,100.0,0.0,Low Risk
INV51152,CUST1048,Customer_49,Enterprise,North,Partner,Cloud Service,2.0,65797.72,10,13159.54,21318.46,139754.36,Paid,Credit Card,139754.36,55440.51,84313.85,55440.51,55440.50999999998,60.33,39.67,High Risk
INV51153,CUST1030,Customer_31,Enterprise,South,Partner,Software Subscription,8.0,33165.21,5,13266.08,45370.01,297425.61,Paid,Cheque,297425.61,0.0,297425.61,0.0,0.0,100.0,0.0,Low Risk
INV51154,CUST1179,Customer_180,Mid-Market,West,Direct,Software Subscription,12.0,30888.62,5,18533.17,63383.45,415513.72,Paid,Bank Transfer,415513.72,0.0,415513.72,0.0,0.0,100.0,0.0,Low Risk
INV51155,CUST1105,Customer_106,Smb,East,Online,Software Subscription,10.0,35850.52,0,0.0,64530.94,423036.14,Partially Paid,Debit Card,328131.08,0.0,328131.08,94905.06,94905.06,77.57,22.43,Medium Risk
INV51156,CUST1171,Customer_172,Smb,North,Online,Consulting,4.0,31653.54,25,31653.54,17092.91,112053.53,Unpaid,Debit Card,0.0,0.0,0.0,112053.53,112053.53,0.0,100.0,Critical Risk
INV51157,CUST1073,Customer_74,Smb,East,Online,Data Service,6.0,53686.15,25,80529.23,43485.78,285073.45,Unpaid,Upi,0.0,0.0,0.0,285073.45,285073.45,0.0,100.0,Critical Risk
INV51158,CUST1088,Customer_89,Smb,East,Direct,Data Service,7.0,53207.71,15,55868.1,56985.46,373571.33,Paid,Debit Card,373571.33,0.0,373571.33,0.0,0.0,100.0,0.0,Low Risk
INV51159,CUST1022,Customer_23,Mid-Market,South,Direct,Consulting,6.0,18070.96,15,16263.86,16589.14,108751.04,Partially Paid,Upi,51163.15,0.0,51163.15,57587.89,57587.88999999999,47.05,52.95,Critical Risk
INV51160,CUST1161,Customer_162,Enterprise,West,Direct,Consulting,10.0,101710.76,5,50855.38,173925.4,1140177.62,Overdue,Debit Card,0.0,0.0,0.0,1140177.62,1140177.62,0.0,100.0,Critical Risk
INV51161,CUST1026,Customer_27,Mid-Market,East,Partner,Cloud Service,9.0,20309.59,5,9139.32,31256.46,204903.45,Unpaid,Bank Transfer,0.0,0.0,0.0,204903.45,204903.45,0.0,100.0,Critical Risk
INV51162,CUST1239,Customer_240,Smb,North,Direct,Support Plan,4.0,15053.57,15,9032.14,9212.79,60394.93,Unpaid,Debit Card,0.0,0.0,0.0,60394.93,60394.93,0.0,100.0,Critical Risk
INV51163,CUST1228,Customer_229,Mid-Market,East,Direct,Data Service,2.0,46405.94,25,23202.97,12529.6,82138.51,Paid,Debit Card,82138.51,0.0,82138.51,0.0,0.0,100.0,0.0,Low Risk
INV51164,CUST1163,Customer_164,Smb,South,Online,Consulting,1.0,31879.79,0,0.0,5738.36,37618.15,Paid,Bank Transfer,37618.15,0.0,37618.15,0.0,0.0,100.0,0.0,Low Risk
INV51165,CUST1243,Customer_244,Smb,East,Partner,Cloud Service,11.0,75437.36,20,165962.19,119492.78,783341.55,Paid,Upi,783341.55,0.0,783341.55,0.0,0.0,100.0,0.0,Low Risk
INV51166,CUST1158,Customer_159,Mid-Market,East,Direct,Support Plan,11.0,29964.03,0,0.0,59328.78,388933.11,Partially Paid,Upi,305782.35,0.0,305782.35,83150.76,83150.76000000001,78.62,21.38,Medium Risk
INV51167,CUST1197,Customer_198,Smb,North,Partner,Data Service,10.0,33895.79,15,50843.68,51860.56,339974.78,Overdue,Bank Transfer,0.0,0.0,0.0,339974.78,339974.78,0.0,100.0,Critical Risk
INV51168,CUST1064,Customer_65,Mid-Market,South,Online,Software Subscription,4.0,8236.28,0,0.0,5930.12,38875.24,Paid,Debit Card,38875.24,0.0,38875.24,0.0,0.0,100.0,0.0,Low Risk
INV51169,CUST1141,Customer_142,Mid-Market,North,Online,Support Plan,4.0,13611.14,20,10888.91,7840.02,51395.67,Paid,Debit Card,51395.67,0.0,51395.67,0.0,0.0,100.0,0.0,Low Risk
INV51170,CUST1070,Customer_71,Mid-Market,West,Direct,Support Plan,9.0,23507.81,0,0.0,38082.65,249652.94,Paid,Debit Card,249652.94,0.0,249652.94,0.0,0.0,100.0,0.0,Low Risk
INV51171,CUST1074,Customer_75,Mid-Market,West,Partner,Support Plan,2.0,34435.59,5,3443.56,11776.97,77204.59,Overdue,Credit Card,0.0,0.0,0.0,77204.59,77204.59,0.0,100.0,Critical Risk
INV51172,CUST1231,Customer_232,Smb,West,Direct,Support Plan,1.0,23954.41,10,2395.44,3880.61,25439.58,Paid,Debit Card,25439.58,0.0,25439.58,0.0,0.0,100.0,0.0,Low Risk
INV51173,CUST1035,Customer_36,Smb,West,Direct,Data Service,10.0,20769.59,0,0.0,37385.26,245081.16,Paid,Cheque,245081.16,0.0,245081.16,0.0,0.0,100.0,0.0,Low Risk
INV51174,CUST1121,Customer_122,Smb,East,Partner,Support Plan,9.0,24020.17,20,43236.31,31130.14,204075.36,Paid,Debit Card,204075.36,0.0,204075.36,0.0,0.0,100.0,0.0,Low Risk
INV51175,CUST1006,Customer_7,Smb,East,Online,Data Service,3.0,35619.23,10,10685.77,17310.95,113482.87,Paid,Upi,113482.87,0.0,113482.87,0.0,0.0,100.0,0.0,Low Risk
INV51176,CUST1047,Customer_48,Mid-Market,South,Online,Software Subscription,9.0,36854.28,0,0.0,59703.93,391392.45,Paid,Debit Card,391392.45,0.0,391392.45,0.0,0.0,100.0,0.0,Low Risk
INV51177,CUST1130,Customer_131,Mid-Market,South,Partner,Software Subscription,9.0,11958.28,10,10762.45,17435.17,114297.24,Partially Paid,Credit Card,23466.88,0.0,23466.88,90830.36,90830.36,20.53,79.47,Critical Risk
INV51178,CUST1169,Customer_170,Mid-Market,North,Direct,Support Plan,4.0,27830.84,0,0.0,20038.2,131361.56,Paid,Credit Card,131361.56,0.0,131361.56,0.0,0.0,100.0,0.0,Low Risk
INV51179,CUST1131,Customer_132,Enterprise,East,Direct,Software Subscription,10.0,28026.86,5,14013.43,47925.93,314181.1,Paid,Upi,314181.1,0.0,314181.1,0.0,0.0,100.0,0.0,Low Risk
INV51180,CUST1010,Customer_11,Enterprise,South,Online,Support Plan,1.0,33889.76,10,3388.98,5490.14,35990.92,Partially Paid,Credit Card,27297.96,0.0,27297.96,8692.96,8692.96,75.85,24.15,Medium Risk
INV51181,CUST1223,Customer_224,Mid-Market,North,Partner,Consulting,4.0,50896.58,10,20358.63,32980.98,216208.67,Paid,Bank Transfer,216208.67,0.0,216208.67,0.0,0.0,100.0,0.0,Low Risk
INV51182,CUST1010,Customer_11,Smb,East,Partner,Support Plan,5.0,23978.66,25,29973.33,16185.59,106105.56,Partially Paid,Debit Card,84036.38,0.0,84036.38,22069.18,22069.179999999993,79.2,20.8,Medium Risk
INV51183,CUST1177,Customer_178,Mid-Market,West,Partner,Data Service,10.0,56397.49,5,28198.74,96439.71,632215.87,Paid,Cheque,632215.87,0.0,632215.87,0.0,0.0,100.0,0.0,Low Risk
INV51184,CUST1068,Customer_69,Enterprise,South,Online,Cloud Service,10.0,18200.78,10,18200.78,29485.26,193292.28,Paid,Credit Card,193292.28,0.0,193292.28,0.0,0.0,100.0,0.0,Low Risk
INV51185,CUST1211,Customer_212,Smb,South,Online,Support Plan,5.0,33116.85,10,16558.42,26824.65,175850.48,Partially Paid,Upi,105828.71,0.0,105828.71,70021.77,70021.77,60.18,39.82,High Risk
INV51186,CUST1141,Customer_142,Smb,East,Online,Support Plan,10.0,25636.57,5,12818.28,43838.54,287385.96,Paid,Credit Card,287385.96,0.0,287385.96,0.0,0.0,100.0,0.0,Low Risk
INV51187,CUST1227,Customer_228,Mid-Market,West,Online,Support Plan,6.0,7035.11,10,4221.07,6838.13,44827.72,Paid,Upi,44827.72,0.0,44827.72,0.0,0.0,100.0,0.0,Low Risk
INV51188,CUST1018,Customer_19,Smb,East,Partner,Support Plan,9.0,14028.91,20,25252.04,18181.47,119189.62,Paid,Debit Card,119189.62,0.0,119189.62,0.0,0.0,100.0,0.0,Low Risk
INV51189,CUST1068,Customer_69,Smb,North,Direct,Support Plan,11.0,26245.16,25,72174.19,38974.06,255496.63,Partially Paid,Credit Card,124125.6,0.0,124125.6,131371.03,131371.03,48.58,51.42,Critical Risk
INV51190,CUST1010,Customer_11,Enterprise,West,Direct,Cloud Service,2.0,15388.05,10,3077.61,4985.73,32684.22,Paid,Bank Transfer,32684.22,0.0,32684.22,0.0,0.0,100.0,0.0,Low Risk
INV51191,CUST1086,Customer_87,Enterprise,East,Online,Cloud Service,5.0,56573.64,20,56573.64,40733.02,267027.58,Paid,Upi,267027.58,0.0,267027.58,0.0,0.0,100.0,0.0,Low Risk
INV51192,CUST1141,Customer_142,Mid-Market,South,Direct,Consulting,3.0,51317.72,20,30790.63,22169.26,145331.79,Paid,Cheque,145331.79,0.0,145331.79,0.0,0.0,100.0,0.0,Low Risk
INV51193,CUST1024,Customer_25,Smb,South,Direct,Support Plan,4.0,23627.47,10,9450.99,15310.6,100369.49,Paid,Upi,100369.49,0.0,100369.49,0.0,0.0,100.0,0.0,Low Risk
INV51194,CUST1171,Customer_172,Smb,North,Partner,Data Service,10.0,9424.33,20,18848.66,13571.04,88965.68,Paid,Debit Card,88965.68,0.0,88965.68,0.0,0.0,100.0,0.0,Low Risk
INV51195,CUST1217,Customer_218,Mid-Market,West,Online,Support Plan,1.0,31146.1,10,3114.61,5045.67,33077.16,Paid,Upi,33077.16,0.0,33077.16,0.0,0.0,100.0,0.0,Low Risk
INV51196,CUST1129,Customer_130,Mid-Market,West,Direct,Support Plan,10.0,34204.67,10,34204.67,55411.57,363253.6,Paid,Debit Card,363253.6,0.0,363253.6,0.0,0.0,100.0,0.0,Low Risk
INV51197,CUST1090,Customer_91,Smb,West,Direct,Consulting,12.0,116732.17,10,140078.6,226927.34,1487634.78,Overdue,Cheque,0.0,0.0,0.0,1487634.78,1487634.78,0.0,100.0,Critical Risk
INV51198,CUST1182,Customer_183,Enterprise,West,Partner,Support Plan,10.0,27489.55,15,41234.32,42059.01,275720.19,Paid,Bank Transfer,275720.19,67918.52,207801.67,67918.52,67918.51999999999,75.37,24.63,Medium Risk
INV51199,CUST1058,Customer_59,Smb,South,Direct,Cloud Service,8.0,20406.9,5,0.0,27916.64,183009.08,Paid,Debit Card,183009.08,0.0,183009.08,0.0,0.0,100.0,0.0,Low Risk
INV51200,CUST1023,Customer_24,Mid-Market,East,Partner,Consulting,2.0,94617.64,0,0.0,34062.35,223297.63,Paid,Credit Card,223297.63,0.0,223297.63,0.0,0.0,100.0,0.0,Low Risk
INV51201,CUST1071,Customer_72,Enterprise,South,Direct,Consulting,4.0,17581.63,20,14065.3,10127.02,66388.24,Paid,Cheque,66388.24,0.0,66388.24,0.0,0.0,100.0,0.0,Low Risk
INV51202,CUST1140,Customer_141,Mid-Market,North,Direct,Support Plan,3.0,5663.71,10,1699.11,2752.56,18044.58,Paid,Bank Transfer,18044.58,0.0,18044.58,0.0,0.0,100.0,0.0,Low Risk
INV51203,CUST1031,Customer_32,Mid-Market,South,Direct,Data Service,6.0,24151.34,5,7245.4,24779.28,162441.92,Paid,Upi,162441.92,0.0,162441.92,0.0,0.0,100.0,0.0,Low Risk
INV51204,CUST1208,Customer_209,Smb,South,Direct,Data Service,1.0,32898.09,20,6579.62,4737.32,31055.79,Paid,Cheque,31055.79,3731.64,27324.15,3731.64,3731.6399999999994,87.98,12.02,Medium Risk
INV51205,CUST1062,Customer_63,Mid-Market,North,Direct,Software Subscription,12.0,36505.07,10,43806.08,70965.86,465220.62,Paid,Debit Card,465220.62,0.0,465220.62,0.0,0.0,100.0,0.0,Low Risk
INV51206,CUST1117,Customer_118,Mid-Market,West,Online,Support Plan,11.0,25498.86,20,56097.49,40390.19,264780.16,Paid,Cheque,264780.16,0.0,264780.16,0.0,0.0,100.0,0.0,Low Risk
INV51207,CUST1134,Customer_135,Enterprise,East,Partner,Consulting,9.0,61819.78,25,139094.51,75111.03,492394.54,Paid,Bank Transfer,492394.54,40887.3,451507.24,40887.3,40887.29999999999,91.7,8.3,Low Risk
INV51208,CUST1076,Customer_77,Smb,South,Partner,Cloud Service,8.0,31890.13,10,25512.1,41329.61,270938.55,Unpaid,Cheque,0.0,0.0,0.0,270938.55,270938.55,0.0,100.0,Critical Risk
INV51209,CUST1062,Customer_63,Smb,West,Partner,Consulting,8.0,119698.07,10,95758.46,155128.7,1016954.8,Paid,Credit Card,1016954.8,0.0,1016954.8,0.0,0.0,100.0,0.0,Low Risk
INV51210,CUST1245,Customer_246,Smb,West,Online,Consulting,11.0,59749.04,0,0.0,118303.1,775542.54,Paid,Debit Card,775542.54,201090.61,574451.93,201090.61,201090.61,74.07,25.93,Medium Risk
INV51211,CUST1210,Customer_211,Mid-Market,East,Online,Support Plan,1.0,18541.61,25,4635.4,2503.12,16409.33,Paid,Credit Card,16409.33,0.0,16409.33,0.0,0.0,100.0,0.0,Low Risk
INV51212,CUST1190,Customer_191,Mid-Market,East,Direct,Cloud Service,1.0,23089.91,0,0.0,4156.18,27246.09,Paid,Debit Card,27246.09,0.0,27246.09,0.0,0.0,100.0,0.0,Low Risk
INV51213,CUST1117,Customer_118,Smb,North,Partner,Cloud Service,5.0,73584.76,15,55188.57,56292.34,369027.57,Paid,Debit Card,369027.57,0.0,369027.57,0.0,0.0,100.0,0.0,Low Risk
INV51214,CUST1199,Customer_200,Mid-Market,West,Partner,Data Service,9.0,43765.16,0,0.0,70899.56,464786.0,Overdue,Debit Card,0.0,0.0,0.0,464786.0,464786.0,0.0,100.0,Critical Risk
INV51215,CUST1195,Customer_196,Enterprise,North,Partner,Software Subscription,10.0,16168.48,20,32336.96,23282.61,152630.45,Paid,Bank Transfer,152630.45,0.0,152630.45,0.0,0.0,100.0,0.0,Low Risk
INV51216,CUST1145,Customer_146,Smb,North,Direct,Consulting,7.0,23650.01,10,16555.01,26819.11,175814.17,Overdue,Bank Transfer,0.0,0.0,0.0,175814.17,175814.17,0.0,100.0,Critical Risk
INV51217,CUST1056,Customer_57,Mid-Market,East,Online,Consulting,11.0,86452.43,25,237744.18,128381.86,841614.41,Paid,Upi,841614.41,0.0,841614.41,0.0,0.0,100.0,0.0,Low Risk
INV51218,CUST1142,Customer_143,Mid-Market,East,Online,Cloud Service,11.0,62360.9,15,102895.49,104953.39,688027.8,Paid,Credit Card,688027.8,0.0,688027.8,0.0,0.0,100.0,0.0,Low Risk
INV51219,CUST1123,Customer_124,Smb,North,Online,Data Service,5.0,21482.75,25,26853.44,14500.86,95061.17,Overdue,Upi,0.0,0.0,0.0,95061.17,95061.17,0.0,100.0,Critical Risk
INV51220,CUST1142,Customer_143,Smb,East,Partner,Consulting,4.0,114840.67,25,114840.67,62013.96,406535.97,Overdue,Debit Card,0.0,0.0,0.0,406535.97,406535.97,0.0,100.0,Critical Risk
INV51221,CUST1020,Customer_21,Smb,North,Partner,Data Service,8.0,15006.07,0,0.0,21608.74,141657.3,Unpaid,Debit Card,0.0,0.0,0.0,141657.3,141657.3,0.0,100.0,Critical Risk
INV51222,CUST1121,Customer_122,Enterprise,West,Partner,Cloud Service,6.0,44586.78,0,0.0,48153.72,315674.4,Paid,Cheque,315674.4,0.0,315674.4,0.0,0.0,100.0,0.0,Low Risk
INV51223,CUST1217,Customer_218,Smb,West,Direct,Consulting,10.0,114079.67,5,57039.83,195076.24,1278833.11,Paid,Bank Transfer,1278833.11,0.0,1278833.11,0.0,0.0,100.0,0.0,Low Risk
INV51224,CUST1038,Customer_39,Mid-Market,South,Partner,Support Plan,2.0,17591.82,5,1759.18,6016.4,39440.86,Overdue,Upi,0.0,0.0,0.0,39440.86,39440.86,0.0,100.0,Critical Risk
INV51225,CUST1042,Customer_43,Enterprise,North,Online,Cloud Service,2.0,61082.08,0,0.0,21989.55,144153.71,Overdue,Bank Transfer,0.0,0.0,0.0,144153.71,144153.71,0.0,100.0,Critical Risk
INV51226,CUST1210,Customer_211,Enterprise,East,Direct,Software Subscription,5.0,22710.99,10,11355.5,18395.9,120595.35,Partially Paid,Bank Transfer,62185.29,0.0,62185.29,58410.06,58410.060000000005,51.57,48.43,High Risk
INV51227,CUST1164,Customer_165,Mid-Market,South,Online,Data Service,2.0,21533.41,25,10766.7,5814.02,38114.14,Partially Paid,Debit Card,23379.95,16521.35,6858.6,31255.54,31255.54,17.99,82.01,Critical Risk
INV51228,CUST1078,Customer_79,Smb,East,Direct,Support Plan,7.0,34519.33,10,24163.53,39144.92,256616.7,Unpaid,Credit Card,0.0,0.0,0.0,256616.7,256616.7,0.0,100.0,Critical Risk
INV51229,CUST1009,Customer_10,Smb,South,Online,Data Service,2.0,28694.7,5,2869.47,9813.59,64333.52,Paid,Bank Transfer,64333.52,0.0,64333.52,0.0,0.0,100.0,0.0,Low Risk
INV51230,CUST1148,Customer_149,Smb,East,Online,Support Plan,7.0,31822.98,20,44552.17,32077.56,210286.25,Paid,Credit Card,210286.25,0.0,210286.25,0.0,0.0,100.0,0.0,Low Risk
INV51231,CUST1040,Customer_41,Smb,East,Partner,Cloud Service,2.0,28396.37,0,0.0,10222.69,67015.43,Paid,Credit Card,67015.43,0.0,67015.43,0.0,0.0,100.0,0.0,Low Risk
INV51232,CUST1247,Customer_248,Smb,West,Online,Cloud Service,8.0,27048.38,5,10819.35,37002.18,242569.87,Unpaid,Upi,0.0,0.0,0.0,242569.87,242569.87,0.0,100.0,Critical Risk
INV51233,CUST1244,Customer_245,Smb,South,Online,Software Subscription,8.0,9151.96,15,10982.35,11202.0,73435.33,Paid,Cheque,73435.33,0.0,73435.33,0.0,0.0,100.0,0.0,Low Risk
INV51234,CUST1184,Customer_185,Smb,East,Partner,Software Subscription,1.0,32111.67,15,4816.75,4913.09,32208.01,Unpaid,Bank Transfer,0.0,0.0,0.0,32208.01,32208.01,0.0,100.0,Critical Risk
INV51235,CUST1051,Customer_52,Smb,South,Partner,Cloud Service,11.0,39482.11,10,43430.32,70357.12,461230.01,Paid,Bank Transfer,461230.01,0.0,461230.01,0.0,0.0,100.0,0.0,Low Risk
INV51236,CUST1193,Customer_194,Mid-Market,North,Partner,Cloud Service,6.0,79148.66,0,0.0,85480.55,560372.51,Paid,Debit Card,560372.51,0.0,560372.51,0.0,0.0,100.0,0.0,Low Risk
INV51237,CUST1213,Customer_214,Mid-Market,South,Online,Support Plan,5.0,19196.3,10,9598.15,15549.0,101932.35,Overdue,Cheque,0.0,0.0,0.0,101932.35,101932.35,0.0,100.0,Critical Risk
INV51238,CUST1001,Customer_2,Mid-Market,North,Partner,Software Subscription,4.0,43823.16,25,43823.16,23664.51,155133.99,Paid,Cheque,155133.99,11091.1,144042.89,11091.1,11091.099999999977,92.85,7.15,Low Risk
INV51239,CUST1222,Customer_223,Enterprise,East,Direct,Cloud Service,10.0,24842.04,0,0.0,44715.67,293136.07,Paid,Credit Card,293136.07,0.0,293136.07,0.0,0.0,100.0,0.0,Low Risk
INV51240,CUST1139,Customer_140,Mid-Market,West,Direct,Software Subscription,11.0,40139.06,20,88305.93,63580.27,416804.0,Paid,Bank Transfer,416804.0,0.0,416804.0,0.0,0.0,100.0,0.0,Low Risk
INV51241,CUST1168,Customer_169,Smb,South,Partner,Cloud Service,7.0,72127.75,5,25244.71,86336.92,565986.46,Overdue,Bank Transfer,0.0,0.0,0.0,565986.46,565986.46,0.0,100.0,Critical Risk
INV51242,CUST1177,Customer_178,Mid-Market,North,Direct,Software Subscription,2.0,36524.11,5,3652.41,12491.25,81887.06,Overdue,Bank Transfer,0.0,0.0,0.0,81887.06,81887.06,0.0,100.0,Critical Risk
INV51243,CUST1195,Customer_196,Mid-Market,East,Direct,Software Subscription,9.0,39256.98,25,88328.21,47697.23,312681.84,Paid,Upi,312681.84,0.0,312681.84,0.0,0.0,100.0,0.0,Low Risk
INV51244,CUST1099,Customer_100,Enterprise,North,Direct,Data Service,5.0,47334.27,0,0.0,42600.84,279272.19,Overdue,Credit Card,0.0,0.0,0.0,279272.19,279272.19,0.0,100.0,Critical Risk
INV51245,CUST1133,Customer_134,Enterprise,East,Direct,Data Service,4.0,40189.68,25,40189.68,21702.43,142271.47,Overdue,Upi,0.0,0.0,0.0,142271.47,142271.47,0.0,100.0,Critical Risk
INV51246,CUST1206,Customer_207,Mid-Market,North,Online,Support Plan,4.0,8937.35,5,1787.47,6113.15,40075.08,Paid,Credit Card,40075.08,0.0,40075.08,0.0,0.0,100.0,0.0,Low Risk
INV51247,CUST1082,Customer_83,Mid-Market,East,Online,Consulting,1.0,18415.25,0,0.0,3314.74,21729.99,Paid,Upi,21729.99,4561.99,17168.0,4561.99,4561.990000000002,79.01,20.99,Medium Risk
INV51248,CUST1220,Customer_221,Mid-Market,East,Direct,Consulting,2.0,111689.02,0,0.0,40208.05,263586.09,Partially Paid,Cheque,127590.93,0.0,127590.93,135995.16,135995.16000000003,48.41,51.59,Critical Risk
INV51249,CUST1079,Customer_80,Mid-Market,South,Online,Support Plan,5.0,23499.51,0,0.0,21149.56,138647.11,Overdue,Upi,0.0,0.0,0.0,138647.11,138647.11,0.0,100.0,Critical Risk
INV51250,CUST1087,Customer_88,Enterprise,East,Partner,Software Subscription,9.0,37471.88,15,50587.04,51598.78,338258.66,Paid,Bank Transfer,338258.66,0.0,338258.66,0.0,0.0,100.0,0.0,Low Risk
INV51251,CUST1047,Customer_48,Mid-Market,East,Partner,Consulting,9.0,65559.85,0,0.0,106206.96,696245.61,Paid,Upi,696245.61,0.0,696245.61,0.0,0.0,100.0,0.0,Low Risk
INV51252,CUST1054,Customer_55,Mid-Market,North,Online,Software Subscription,4.0,12340.4,0,0.0,8885.09,58246.69,Paid,Cheque,58246.69,0.0,58246.69,0.0,0.0,100.0,0.0,Low Risk
INV51253,CUST1229,Customer_230,Smb,North,Direct,Software Subscription,5.0,12631.87,20,12631.87,9094.95,59622.43,Paid,Bank Transfer,59622.43,0.0,59622.43,0.0,0.0,100.0,0.0,Low Risk
INV51254,CUST1228,Customer_229,Mid-Market,South,Direct,Support Plan,6.0,25566.96,20,30680.35,22089.85,144811.26,Paid,Upi,144811.26,0.0,144811.26,0.0,0.0,100.0,0.0,Low Risk
INV51255,CUST1235,Customer_236,Mid-Market,South,Direct,Software Subscription,11.0,23921.32,0,0.0,47364.21,310498.73,Paid,Cheque,310498.73,0.0,310498.73,0.0,0.0,100.0,0.0,Low Risk
INV51256,CUST1174,Customer_175,Mid-Market,West,Direct,Cloud Service,10.0,26041.98,10,26041.98,42188.01,276565.83,Paid,Cheque,276565.83,0.0,276565.83,0.0,0.0,100.0,0.0,Low Risk
INV51257,CUST1074,Customer_75,Smb,South,Online,Support Plan,10.0,19747.84,20,39495.68,28436.89,186419.61,Overdue,Bank Transfer,0.0,0.0,0.0,186419.61,186419.61,0.0,100.0,Critical Risk
INV51258,CUST1154,Customer_155,Mid-Market,South,Online,Software Subscription,7.0,10375.73,10,7263.01,11766.08,77133.18,Unpaid,Cheque,0.0,0.0,0.0,77133.18,77133.18,0.0,100.0,Critical Risk
INV51259,CUST1182,Customer_183,Smb,South,Direct,Consulting,12.0,76107.0,0,0.0,164391.12,1077675.12,Unpaid,Upi,0.0,0.0,0.0,1077675.12,1077675.12,0.0,100.0,Critical Risk
INV51260,CUST1053,Customer_54,Mid-Market,South,Online,Software Subscription,7.0,17952.76,0,0.0,22620.48,148289.8,Paid,Bank Transfer,148289.8,0.0,148289.8,0.0,0.0,100.0,0.0,Low Risk
INV51261,CUST1096,Customer_97,Mid-Market,West,Partner,Cloud Service,8.0,73804.73,10,59043.78,95650.93,627044.99,Overdue,Credit Card,0.0,0.0,0.0,627044.99,627044.99,0.0,100.0,Critical Risk
INV51262,CUST1242,Customer_243,Smb,North,Online,Software Subscription,5.0,19483.39,0,0.0,17535.05,114952.0,Paid,Debit Card,114952.0,0.0,114952.0,0.0,0.0,100.0,0.0,Low Risk
INV51263,CUST1028,Customer_29,Enterprise,West,Online,Consulting,5.0,62798.12,10,31399.06,50866.48,333458.02,Paid,Bank Transfer,333458.02,0.0,333458.02,0.0,0.0,100.0,0.0,Low Risk
INV51264,CUST1164,Customer_165,Smb,East,Direct,Consulting,12.0,16220.16,10,19464.19,31531.99,206709.72,Unpaid,Debit Card,0.0,0.0,0.0,206709.72,206709.72,0.0,100.0,Critical Risk
INV51265,CUST1004,Customer_5,Mid-Market,South,Direct,Support Plan,7.0,7173.41,10,5021.39,8134.65,53327.13,Overdue,Upi,0.0,0.0,0.0,53327.13,53327.13,0.0,100.0,Critical Risk
INV51266,CUST1069,Customer_70,Enterprise,North,Direct,Data Service,5.0,27802.16,20,27802.16,20017.56,131226.2,Paid,Upi,131226.2,0.0,131226.2,0.0,0.0,100.0,0.0,Low Risk
INV51267,CUST1238,Customer_239,Mid-Market,East,Online,Data Service,10.0,32436.76,5,16218.38,55466.86,363616.08,Partially Paid,Cheque,285973.52,175037.39,110936.13,252679.95,252679.95,30.51,69.49,Critical Risk
INV51268,CUST1123,Customer_124,Smb,East,Online,Software Subscription,12.0,30200.76,10,36240.91,58710.28,384878.49,Unpaid,Credit Card,0.0,0.0,0.0,384878.49,384878.49,0.0,100.0,Critical Risk
INV51269,CUST1097,Customer_98,Mid-Market,West,Direct,Consulting,4.0,45624.57,15,27374.74,27922.24,183045.78,Paid,Cheque,183045.78,0.0,183045.78,0.0,0.0,100.0,0.0,Low Risk
INV51270,CUST1110,Customer_111,Enterprise,South,Partner,Software Subscription,12.0,33714.33,0,0.0,72822.95,477394.91,Paid,Bank Transfer,477394.91,0.0,477394.91,0.0,0.0,100.0,0.0,Low Risk
INV51271,CUST1136,Customer_137,Enterprise,South,Direct,Software Subscription,2.0,39824.53,25,19912.26,10752.62,70489.42,Unpaid,Upi,0.0,0.0,0.0,70489.42,70489.42,0.0,100.0,Critical Risk
INV51272,CUST1002,Customer_3,Enterprise,North,Partner,Support Plan,2.0,28395.53,10,5679.11,9200.15,60312.1,Partially Paid,Credit Card,44261.9,0.0,44261.9,16050.2,16050.199999999997,73.39,26.61,Medium Risk
INV51273,CUST1202,Customer_203,Mid-Market,North,Partner,Consulting,1.0,19159.98,25,4789.99,2586.6,16956.59,Partially Paid,Credit Card,8896.19,0.0,8896.19,8060.4,8060.4,52.46,47.54,High Risk
INV51274,CUST1022,Customer_23,Mid-Market,East,Partner,Consulting,10.0,65453.23,10,65453.23,106034.23,695113.3,Paid,Cheque,695113.3,0.0,695113.3,0.0,0.0,100.0,0.0,Low Risk
INV51275,CUST1160,Customer_161,Mid-Market,North,Online,Cloud Service,4.0,18394.41,5,3678.88,12581.78,82480.54,Unpaid,Credit Card,0.0,0.0,0.0,82480.54,82480.54,0.0,100.0,Critical Risk
INV51276,CUST1033,Customer_34,Smb,North,Online,Software Subscription,11.0,16955.67,25,46628.09,25179.17,165063.45,Paid,Credit Card,165063.45,0.0,165063.45,0.0,0.0,100.0,0.0,Low Risk
INV51277,CUST1039,Customer_40,Mid-Market,South,Online,Consulting,8.0,118599.57,20,189759.31,136626.7,895663.95,Paid,Debit Card,895663.95,0.0,895663.95,0.0,0.0,100.0,0.0,Low Risk
INV51278,CUST1054,Customer_55,Smb,East,Online,Support Plan,2.0,9274.87,20,3709.95,2671.16,17510.95,Paid,Cheque,17510.95,0.0,17510.95,0.0,0.0,100.0,0.0,Low Risk
INV51279,CUST1212,Customer_213,Enterprise,West,Partner,Data Service,11.0,33441.07,10,36785.18,59591.99,390658.58,Overdue,Upi,0.0,0.0,0.0,390658.58,390658.58,0.0,100.0,Critical Risk
INV51280,CUST1050,Customer_51,Smb,North,Online,Support Plan,9.0,23544.67,25,52975.51,28606.77,187533.29,Overdue,Credit Card,0.0,0.0,0.0,187533.29,187533.29,0.0,100.0,Critical Risk
INV51281,CUST1243,Customer_244,Enterprise,South,Direct,Data Service,8.0,44230.64,20,70769.02,50953.7,334029.8,Overdue,Cheque,0.0,0.0,0.0,334029.8,334029.8,0.0,100.0,Critical Risk
INV51282,CUST1061,Customer_62,Enterprise,East,Online,Data Service,10.0,36661.38,0,0.0,65990.48,432604.28,Paid,Cheque,432604.28,0.0,432604.28,0.0,0.0,100.0,0.0,Low Risk
INV51283,CUST1085,Customer_86,Mid-Market,South,Direct,Consulting,1.0,16025.94,20,3205.19,2307.74,15128.49,Paid,Bank Transfer,15128.49,0.0,15128.49,0.0,0.0,100.0,0.0,Low Risk
INV51284,CUST1108,Customer_109,Mid-Market,East,Direct,Data Service,2.0,24302.45,15,0.0,7436.55,48750.72,Paid,Bank Transfer,48750.72,0.0,48750.72,0.0,0.0,100.0,0.0,Low Risk
INV51285,CUST1176,Customer_177,Smb,North,Direct,Software Subscription,2.0,27155.33,15,8146.6,8309.53,54473.59,Paid,Credit Card,54473.59,0.0,54473.59,0.0,0.0,100.0,0.0,Low Risk
INV51286,CUST1200,Customer_201,Enterprise,East,Partner,Cloud Service,1.0,17029.32,0,0.0,3065.28,20094.6,Unpaid,Bank Transfer,0.0,0.0,0.0,20094.6,20094.6,0.0,100.0,Critical Risk
INV51287,CUST1040,Customer_41,Smb,North,Direct,Consulting,10.0,51815.83,25,129539.57,69951.37,458570.1,Paid,Credit Card,458570.1,0.0,458570.1,0.0,0.0,100.0,0.0,Low Risk
INV51288,CUST1097,Customer_98,Mid-Market,North,Online,Data Service,7.0,8759.76,25,15329.58,8277.97,54266.71,Paid,Upi,54266.71,0.0,54266.71,0.0,0.0,100.0,0.0,Low Risk
INV51289,CUST1162,Customer_163,Smb,North,Direct,Cloud Service,12.0,16286.28,10,19543.54,31660.53,207552.35,Paid,Debit Card,207552.35,0.0,207552.35,0.0,0.0,100.0,0.0,Low Risk
INV51290,CUST1058,Customer_59,Enterprise,West,Online,Cloud Service,11.0,41753.86,0,0.0,82672.64,541965.1,Paid,Bank Transfer,541965.1,0.0,541965.1,0.0,0.0,100.0,0.0,Low Risk
INV51291,CUST1104,Customer_105,Smb,South,Direct,Support Plan,10.0,8981.47,25,22453.67,12124.99,79486.02,Partially Paid,Bank Transfer,53407.76,26308.22,27099.54,52386.48,52386.48,34.09,65.91,Critical Risk
INV51292,CUST1237,Customer_238,Smb,North,Partner,Support Plan,5.0,22026.23,0,0.0,19823.61,129954.76,Overdue,Upi,0.0,0.0,0.0,129954.76,129954.76,0.0,100.0,Critical Risk
INV51293,CUST1225,Customer_226,Enterprise,North,Partner,Data Service,4.0,43541.64,20,34833.31,25079.99,164413.24,Unpaid,Upi,0.0,0.0,0.0,164413.24,164413.24,0.0,100.0,Critical Risk
INV51294,CUST1016,Customer_17,Smb,East,Partner,Support Plan,10.0,29017.6,10,29017.6,47008.51,308166.91,Unpaid,Upi,0.0,0.0,0.0,308166.91,308166.91,0.0,100.0,Critical Risk
INV51295,CUST1225,Customer_226,Smb,East,Direct,Consulting,6.0,36015.78,20,43218.94,31117.63,203993.37,Paid,Debit Card,203993.37,0.0,203993.37,0.0,0.0,100.0,0.0,Low Risk
INV51296,CUST1242,Customer_243,Enterprise,East,Direct,Support Plan,3.0,10024.48,15,4511.02,4601.24,30163.66,Overdue,Credit Card,0.0,0.0,0.0,30163.66,30163.66,0.0,100.0,Critical Risk
INV51297,CUST1094,Customer_95,Smb,North,Online,Consulting,5.0,25979.62,10,12989.81,21043.49,137951.78,Overdue,Bank Transfer,0.0,0.0,0.0,137951.78,137951.78,0.0,100.0,Critical Risk
INV51298,CUST1105,Customer_106,Mid-Market,East,Direct,Cloud Service,9.0,60914.42,0,0.0,98681.36,646911.14,Unpaid,Cheque,0.0,0.0,0.0,646911.14,646911.14,0.0,100.0,Critical Risk
INV51299,CUST1185,Customer_186,Enterprise,North,Partner,Support Plan,10.0,26194.27,0,0.0,47149.69,309092.39,Partially Paid,Credit Card,124860.16,0.0,124860.16,184232.23,184232.23,40.4,59.6,Critical Risk
INV51300,CUST1248,Customer_249,Mid-Market,South,Direct,Cloud Service,4.0,12526.89,10,5010.76,8117.42,53214.22,Partially Paid,Bank Transfer,38851.07,0.0,38851.07,14363.15,14363.150000000001,73.01,26.99,Medium Risk
INV51301,CUST1116,Customer_117,Mid-Market,South,Partner,Software Subscription,9.0,42639.85,0,0.0,69076.56,452835.21,Partially Paid,Credit Card,144532.02,0.0,144532.02,308303.19,308303.19000000006,31.92,68.08,Critical Risk
INV51302,CUST1082,Customer_83,Enterprise,West,Partner,Software Subscription,7.0,9922.94,0,0.0,12502.9,81963.48,Unpaid,Debit Card,0.0,0.0,0.0,81963.48,81963.48,0.0,100.0,Critical Risk
INV51303,CUST1219,Customer_220,Smb,North,Direct,Data Service,12.0,35688.71,0,0.0,77087.61,505352.13,Paid,Cheque,505352.13,0.0,505352.13,0.0,0.0,100.0,0.0,Low Risk
INV51304,CUST1028,Customer_29,Mid-Market,West,Online,Data Service,9.0,44580.21,0,0.0,72219.94,473441.83,Paid,Debit Card,473441.83,0.0,473441.83,0.0,0.0,100.0,0.0,Low Risk
INV51305,CUST1030,Customer_31,Enterprise,East,Direct,Support Plan,1.0,31129.07,10,3112.91,5042.91,33059.07,Paid,Bank Transfer,33059.07,0.0,33059.07,0.0,0.0,100.0,0.0,Low Risk
INV51306,CUST1018,Customer_19,Enterprise,South,Partner,Data Service,11.0,44846.61,10,49331.27,79916.66,523898.1,Paid,Cheque,523898.1,0.0,523898.1,0.0,0.0,100.0,0.0,Low Risk
INV51307,CUST1150,Customer_151,Smb,South,Online,Support Plan,4.0,29051.84,5,5810.37,19871.46,130268.45,Unpaid,Cheque,0.0,0.0,0.0,130268.45,130268.45,0.0,100.0,Critical Risk
INV51308,CUST1115,Customer_116,Smb,East,Direct,Cloud Service,7.0,37156.02,0,0.0,46816.59,306908.73,Paid,Cheque,306908.73,0.0,306908.73,0.0,0.0,100.0,0.0,Low Risk
INV51309,CUST1161,Customer_162,Smb,North,Online,Cloud Service,4.0,75186.01,25,75186.01,40600.45,266158.48,Overdue,Bank Transfer,0.0,0.0,0.0,266158.48,266158.48,0.0,100.0,Critical Risk
INV51310,CUST1199,Customer_200,Enterprise,West,Partner,Software Subscription,4.0,10964.25,0,0.0,7894.26,51751.26,Paid,Cheque,51751.26,0.0,51751.26,0.0,0.0,100.0,0.0,Low Risk
INV51311,CUST1039,Customer_40,Mid-Market,South,Partner,Software Subscription,6.0,41108.22,10,24664.93,39957.19,261941.58,Paid,Upi,261941.58,0.0,261941.58,0.0,0.0,100.0,0.0,Low Risk
INV51312,CUST1130,Customer_131,Mid-Market,West,Online,Support Plan,10.0,21427.77,0,0.0,38569.99,252847.69,Paid,Credit Card,252847.69,0.0,252847.69,0.0,0.0,100.0,0.0,Low Risk
INV51313,CUST1191,Customer_192,Enterprise,West,Direct,Software Subscription,4.0,38240.02,10,15296.01,24779.53,162443.6,Overdue,Upi,0.0,0.0,0.0,162443.6,162443.6,0.0,100.0,Critical Risk
INV51314,CUST1220,Customer_221,Mid-Market,East,Online,Data Service,12.0,30972.87,5,18583.72,63556.33,416647.05,Paid,Bank Transfer,416647.05,0.0,416647.05,0.0,0.0,100.0,0.0,Low Risk
INV51315,CUST1094,Customer_95,Mid-Market,North,Partner,Software Subscription,10.0,31812.37,0,0.0,57262.27,375385.97,Paid,Upi,375385.97,0.0,375385.97,0.0,0.0,100.0,0.0,Low Risk
INV51316,CUST1065,Customer_66,Mid-Market,West,Online,Consulting,7.0,70272.28,20,98381.19,70834.46,464359.23,Unpaid,Upi,0.0,0.0,0.0,464359.23,464359.23,0.0,100.0,Critical Risk
INV51317,CUST1075,Customer_76,Smb,North,Partner,Cloud Service,10.0,68527.16,20,137054.32,98679.11,646896.39,Partially Paid,Bank Transfer,350137.02,0.0,350137.02,296759.37,296759.37,54.13,45.87,High Risk
INV51318,CUST1227,Customer_228,Smb,West,Partner,Consulting,4.0,23571.15,10,9428.46,15274.11,100130.25,Unpaid,Cheque,0.0,0.0,0.0,100130.25,100130.25,0.0,100.0,Critical Risk
INV51319,CUST1179,Customer_180,Smb,West,Direct,Data Service,8.0,10198.66,5,4079.46,13951.77,91461.59,Paid,Debit Card,91461.59,0.0,91461.59,0.0,0.0,100.0,0.0,Low Risk
INV51320,CUST1143,Customer_144,Enterprise,East,Online,Consulting,9.0,40945.84,10,36851.26,59699.03,391360.33,Paid,Credit Card,391360.33,0.0,391360.33,0.0,0.0,100.0,0.0,Low Risk
INV51321,CUST1211,Customer_212,Smb,West,Partner,Cloud Service,7.0,22763.57,0,0.0,28682.1,188027.09,Overdue,Bank Transfer,0.0,0.0,0.0,188027.09,188027.09,0.0,100.0,Critical Risk
INV51322,CUST1195,Customer_196,Smb,West,Partner,Consulting,7.0,106537.27,10,74576.09,120813.26,791998.06,Paid,Debit Card,791998.06,0.0,791998.06,0.0,0.0,100.0,0.0,Low Risk
INV51323,CUST1143,Customer_144,Mid-Market,East,Online,Support Plan,2.0,11576.42,5,1157.64,3959.14,25954.34,Unpaid,Upi,0.0,0.0,0.0,25954.34,25954.34,0.0,100.0,Critical Risk
INV51324,CUST1198,Customer_199,Smb,East,Online,Data Service,3.0,58720.86,10,17616.26,28538.34,187084.66,Partially Paid,Bank Transfer,124203.06,0.0,124203.06,62881.6,62881.600000000006,66.39,33.61,High Risk
INV51325,CUST1192,Customer_193,Smb,North,Direct,Software Subscription,11.0,20465.14,20,45023.31,32416.78,212510.01,Partially Paid,Debit Card,158193.18,0.0,158193.18,54316.83,54316.830000000016,74.44,25.56,Medium Risk
INV51326,CUST1171,Customer_172,Smb,North,Online,Data Service,6.0,16652.25,0,0.0,17984.43,117897.93,Paid,Upi,117897.93,0.0,117897.93,0.0,0.0,100.0,0.0,Low Risk
INV51327,CUST1155,Customer_156,Smb,South,Online,Cloud Service,1.0,73175.88,25,18293.97,9878.74,64760.65,Paid,Debit Card,64760.65,0.0,64760.65,0.0,0.0,100.0,0.0,Low Risk
INV51328,CUST1186,Customer_187,Smb,East,Partner,Cloud Service,5.0,62696.62,0,0.0,56426.96,369910.06,Overdue,Credit Card,0.0,0.0,0.0,369910.06,369910.06,0.0,100.0,Critical Risk
INV51329,CUST1185,Customer_186,Smb,North,Online,Support Plan,11.0,19945.87,5,10970.23,37518.18,0.0,Partially Paid,Debit Card,100036.34,0.0,100036.34,145916.18,-100036.34,0.0,0.0,Low Risk
INV51330,CUST1041,Customer_42,Mid-Market,East,Direct,Data Service,2.0,36434.27,10,7286.85,11804.7,77386.39,Paid,Credit Card,77386.39,0.0,77386.39,0.0,0.0,100.0,0.0,Low Risk
INV51331,CUST1059,Customer_60,Smb,East,Partner,Consulting,6.0,90516.19,15,81464.57,83093.86,544726.43,Unpaid,Bank Transfer,0.0,0.0,0.0,544726.43,544726.43,0.0,100.0,Critical Risk
INV51332,CUST1002,Customer_3,Smb,West,Direct,Consulting,11.0,38987.75,0,0.0,77195.74,506060.99,Paid,Credit Card,506060.99,0.0,506060.99,0.0,0.0,100.0,0.0,Low Risk
INV51333,CUST1171,Customer_172,Smb,West,Direct,Support Plan,8.0,34890.02,15,41868.02,42705.39,279957.53,Paid,Cheque,279957.53,0.0,279957.53,0.0,0.0,100.0,0.0,Low Risk
INV51334,CUST1151,Customer_152,Smb,East,Online,Consulting,10.0,117353.28,15,176029.92,179550.52,1177053.4,Paid,Bank Transfer,1177053.4,0.0,1177053.4,0.0,0.0,100.0,0.0,Low Risk
INV51335,CUST1072,Customer_73,Enterprise,North,Direct,Consulting,8.0,83284.2,10,66627.36,107936.32,707582.56,Partially Paid,Debit Card,494741.9,0.0,494741.9,212840.66,212840.66000000003,69.92,30.08,High Risk
INV51336,CUST1019,Customer_20,Smb,South,Direct,Consulting,11.0,35951.96,0,0.0,71184.88,466656.44,Overdue,Credit Card,0.0,0.0,0.0,466656.44,466656.44,0.0,100.0,Critical Risk
INV51337,CUST1146,Customer_147,Mid-Market,South,Online,Support Plan,12.0,25406.85,25,76220.55,41159.1,269820.75,Paid,Credit Card,269820.75,0.0,269820.75,0.0,0.0,100.0,0.0,Low Risk
INV51338,CUST1174,Customer_175,Enterprise,North,Partner,Support Plan,1.0,7165.95,15,1074.89,1096.39,7187.45,Paid,Cheque,7187.45,0.0,7187.45,0.0,0.0,100.0,0.0,Low Risk
INV51339,CUST1237,Customer_238,Enterprise,South,Partner,Support Plan,8.0,5919.58,0,0.0,0.0,55880.84,Paid,Cheque,55880.84,0.0,55880.84,0.0,0.0,100.0,0.0,Low Risk
INV51340,CUST1195,Customer_196,Smb,East,Partner,Data Service,3.0,20657.19,0,0.0,11154.88,73126.45,Partially Paid,Credit Card,22125.44,0.0,22125.44,51001.01,51001.009999999995,30.26,69.74,Critical Risk
INV51341,CUST1223,Customer_224,Mid-Market,West,Online,Software Subscription,6.0,25117.05,25,37675.57,20344.81,133371.54,Overdue,Credit Card,0.0,0.0,0.0,133371.54,133371.54,0.0,100.0,Critical Risk
INV51342,CUST1146,Customer_147,Smb,East,Direct,Data Service,7.0,53018.44,25,92782.27,50102.43,328449.24,Unpaid,Debit Card,0.0,0.0,0.0,328449.24,328449.24,0.0,100.0,Critical Risk
INV51343,CUST1032,Customer_33,Enterprise,South,Online,Software Subscription,6.0,34905.26,0,0.0,37697.68,247129.24,Overdue,Cheque,0.0,0.0,0.0,247129.24,247129.24,0.0,100.0,Critical Risk
INV51344,CUST1248,Customer_249,Smb,North,Online,Consulting,5.0,92984.18,15,69738.13,71132.9,466315.67,Unpaid,Bank Transfer,0.0,0.0,0.0,466315.67,466315.67,0.0,100.0,Critical Risk
INV51345,CUST1160,Customer_161,Mid-Market,South,Online,Support Plan,1.0,17764.8,25,4441.2,2398.25,15721.85,Paid,Debit Card,15721.85,0.0,15721.85,0.0,0.0,100.0,0.0,Low Risk
INV51346,CUST1050,Customer_51,Mid-Market,North,Online,Consulting,1.0,51323.17,25,12830.79,6928.63,45421.01,Paid,Debit Card,45421.01,0.0,45421.01,0.0,0.0,100.0,0.0,Low Risk
INV51347,CUST1138,Customer_139,Smb,South,Direct,Data Service,10.0,26665.05,20,53330.1,38397.67,251718.07,Paid,Upi,251718.07,0.0,251718.07,0.0,0.0,100.0,0.0,Low Risk
INV51348,CUST1202,Customer_203,Mid-Market,South,Partner,Cloud Service,11.0,89011.97,0,0.0,176243.7,1155375.37,Paid,Bank Transfer,1155375.37,0.0,1155375.37,0.0,0.0,100.0,0.0,Low Risk
INV51349,CUST1229,Customer_230,Enterprise,East,Online,Support Plan,7.0,6203.28,15,6513.44,6643.71,43553.23,Partially Paid,Credit Card,23584.77,4624.11,18960.66,24592.57,24592.570000000003,43.53,56.47,Critical Risk
INV51350,CUST1064,Customer_65,Smb,East,Direct,Data Service,7.0,52952.67,25,92667.17,50040.27,328041.79,Partially Paid,Credit Card,104207.18,0.0,104207.18,223834.61,223834.61,31.77,68.23,Critical Risk
INV51351,CUST1212,Customer_213,Enterprise,North,Online,Consulting,9.0,75760.92,0,0.0,122732.69,804580.97,Paid,Upi,804580.97,0.0,804580.97,0.0,0.0,100.0,0.0,Low Risk
INV51352,CUST1045,Customer_46,Enterprise,South,Online,Cloud Service,7.0,45089.23,5,15781.23,53971.81,353815.19,Overdue,Credit Card,0.0,0.0,0.0,353815.19,353815.19,0.0,100.0,Critical Risk
INV51353,CUST1057,Customer_58,Enterprise,East,Partner,Data Service,2.0,45438.66,20,18175.46,13086.33,85788.19,Paid,Cheque,85788.19,29221.12,56567.07,29221.12,29221.120000000003,65.94,34.06,High Risk
INV51354,CUST1082,Customer_83,Mid-Market,North,Online,Cloud Service,5.0,48933.52,10,24466.76,39636.15,259836.99,Paid,Cheque,259836.99,0.0,259836.99,0.0,0.0,100.0,0.0,Low Risk
INV51355,CUST1153,Customer_154,Mid-Market,South,Partner,Software Subscription,4.0,40316.66,15,24190.0,24673.8,161750.44,Partially Paid,Upi,58469.59,58469.59,0.0,161750.44,161750.44,0.0,100.0,Critical Risk
INV51356,CUST1116,Customer_117,Smb,South,Partner,Cloud Service,4.0,82056.15,0,0.0,59080.43,387305.03,Paid,Debit Card,387305.03,0.0,387305.03,0.0,0.0,100.0,0.0,Low Risk
INV51357,CUST1114,Customer_115,Enterprise,North,Partner,Software Subscription,1.0,23603.67,10,2360.37,3823.79,25067.09,Overdue,Bank Transfer,0.0,0.0,0.0,25067.09,25067.09,0.0,100.0,Critical Risk
INV51358,CUST1116,Customer_117,Smb,South,Partner,Data Service,6.0,21671.87,25,10835.93,5851.41,38359.22,Paid,Bank Transfer,38359.22,0.0,38359.22,0.0,0.0,100.0,0.0,Low Risk
INV51359,CUST1060,Customer_61,Enterprise,East,Online,Data Service,9.0,38394.57,15,51832.67,52869.32,346587.78,Paid,Debit Card,346587.78,0.0,346587.78,0.0,0.0,100.0,0.0,Low Risk
INV51360,CUST1221,Customer_222,Mid-Market,South,Direct,Data Service,7.0,55355.26,25,96871.71,52310.72,342925.83,Paid,Debit Card,342925.83,0.0,342925.83,0.0,0.0,100.0,0.0,Low Risk
INV51361,CUST1071,Customer_72,Mid-Market,East,Online,Cloud Service,12.0,26852.98,20,64447.15,46401.95,304190.56,Overdue,Cheque,0.0,0.0,0.0,304190.56,304190.56,0.0,100.0,Critical Risk
INV51362,CUST1032,Customer_33,Smb,East,Direct,Data Service,2.0,40017.23,0,0.0,14406.2,94440.66,Unpaid,Credit Card,0.0,0.0,0.0,94440.66,94440.66,0.0,100.0,Critical Risk
INV51363,CUST1039,Customer_40,Enterprise,South,Direct,Cloud Service,11.0,60524.82,10,66577.3,107855.23,707050.95,Partially Paid,Bank Transfer,514057.6,0.0,514057.6,192993.35,192993.34999999998,72.7,27.3,Medium Risk
INV51364,CUST1053,Customer_54,Smb,West,Online,Cloud Service,8.0,68649.04,0,0.0,98854.62,648046.94,Paid,Credit Card,648046.94,0.0,648046.94,0.0,0.0,100.0,0.0,Low Risk
INV51365,CUST1072,Customer_73,Enterprise,West,Direct,Data Service,10.0,13973.09,20,27946.18,20121.25,131905.97,Paid,Debit Card,131905.97,0.0,131905.97,0.0,0.0,100.0,0.0,Low Risk
INV51366,CUST1230,Customer_231,Mid-Market,South,Partner,Support Plan,12.0,26474.75,10,31769.7,51466.91,337394.21,Partially Paid,Upi,97784.54,72483.19,25301.35,312092.86,312092.86000000004,7.5,92.5,Critical Risk
INV51367,CUST1055,Customer_56,Enterprise,North,Direct,Consulting,12.0,110448.41,0,0.0,238568.57,1563949.49,Unpaid,Credit Card,0.0,0.0,0.0,1563949.49,1563949.49,0.0,100.0,Critical Risk
INV51368,CUST1078,Customer_79,Mid-Market,West,Partner,Software Subscription,7.0,14648.28,0,0.0,18456.83,120994.79,Overdue,Debit Card,0.0,0.0,0.0,120994.79,120994.79,0.0,100.0,Critical Risk
INV51369,CUST1118,Customer_119,Smb,West,Direct,Data Service,3.0,19589.8,25,14692.35,7933.87,52010.92,Paid,Credit Card,52010.92,0.0,52010.92,0.0,0.0,100.0,0.0,Low Risk
INV51370,CUST1082,Customer_83,Smb,North,Partner,Cloud Service,9.0,87711.61,10,78940.45,127883.53,838347.57,Paid,Credit Card,838347.57,0.0,838347.57,0.0,0.0,100.0,0.0,Low Risk
INV51371,CUST1230,Customer_231,Mid-Market,South,Online,Consulting,12.0,34002.58,0,0.0,73445.57,481476.53,Paid,Debit Card,481476.53,0.0,481476.53,0.0,0.0,100.0,0.0,Low Risk
INV51372,CUST1016,Customer_17,Mid-Market,South,Direct,Consulting,4.0,104710.43,25,104710.43,56543.63,370674.92,Unpaid,Upi,0.0,0.0,0.0,370674.92,370674.92,0.0,100.0,Critical Risk
INV51373,CUST1147,Customer_148,Enterprise,West,Partner,Data Service,4.0,33090.73,20,26472.58,19060.26,124950.6,Overdue,Cheque,0.0,0.0,0.0,124950.6,124950.6,0.0,100.0,Critical Risk
INV51374,CUST1141,Customer_142,Mid-Market,South,Partner,Consulting,3.0,40959.26,15,18431.67,18800.3,123246.41,Partially Paid,Cheque,76595.44,0.0,76595.44,46650.97,46650.97,62.15,37.85,High Risk
INV51375,CUST1031,Customer_32,Mid-Market,East,Direct,Support Plan,12.0,31122.5,25,93367.5,50418.45,330520.95,Paid,Bank Transfer,330520.95,0.0,330520.95,0.0,0.0,100.0,0.0,Low Risk
INV51376,CUST1147,Customer_148,Enterprise,West,Direct,Support Plan,10.0,18359.16,0,0.0,33046.49,216638.09,Paid,Credit Card,216638.09,0.0,216638.09,0.0,0.0,100.0,0.0,Low Risk
INV51377,CUST1041,Customer_42,Smb,North,Direct,Consulting,11.0,69055.82,25,189903.51,102547.89,672258.4,Unpaid,Debit Card,0.0,0.0,0.0,672258.4,672258.4,0.0,100.0,Critical Risk
INV51378,CUST1243,Customer_244,Mid-Market,North,Direct,Data Service,4.0,26039.37,5,5207.87,17810.93,116760.54,Paid,Upi,116760.54,0.0,116760.54,0.0,0.0,100.0,0.0,Low Risk
INV51379,CUST1048,Customer_49,Smb,West,Partner,Software Subscription,5.0,29939.18,25,37423.97,20208.95,132480.88,Partially Paid,Credit Card,101193.68,0.0,101193.68,31287.2,31287.20000000001,76.38,23.62,Medium Risk
INV51380,CUST1060,Customer_61,Mid-Market,East,Direct,Support Plan,1.0,9905.72,0,0.0,1783.03,11688.75,Paid,Debit Card,11688.75,0.0,11688.75,0.0,0.0,100.0,0.0,Low Risk
INV51381,CUST1117,Customer_118,Smb,South,Online,Consulting,4.0,56063.56,0,0.0,40365.76,264620.0,Paid,Cheque,264620.0,0.0,264620.0,0.0,0.0,100.0,0.0,Low Risk
INV51382,CUST1077,Customer_78,Smb,North,Online,Cloud Service,11.0,87552.99,10,96308.29,156019.43,1022794.03,Paid,Debit Card,1022794.03,0.0,1022794.03,0.0,0.0,100.0,0.0,Low Risk
INV51383,CUST1175,Customer_176,Mid-Market,South,Direct,Software Subscription,10.0,17550.94,0,0.0,31591.69,207101.09,Paid,Credit Card,207101.09,24421.21,182679.88,24421.21,24421.209999999992,88.21,11.79,Medium Risk
INV51384,CUST1104,Customer_105,Mid-Market,North,Partner,Consulting,1.0,83957.35,0,0.0,15112.32,99069.67,Partially Paid,Debit Card,64158.77,0.0,64158.77,34910.9,34910.9,64.76,35.24,High Risk
INV51385,CUST1010,Customer_11,Smb,West,Direct,Software Subscription,8.0,20032.03,5,8012.81,27403.82,179647.25,Unpaid,Credit Card,0.0,0.0,0.0,179647.25,179647.25,0.0,100.0,Critical Risk
INV51386,CUST1146,Customer_147,Smb,West,Online,Support Plan,6.0,28204.19,10,16922.51,27414.47,179717.1,Paid,Upi,179717.1,0.0,179717.1,0.0,0.0,100.0,0.0,Low Risk
INV51387,CUST1045,Customer_46,Smb,North,Online,Cloud Service,1.0,20469.89,20,4093.98,2947.66,19323.57,Partially Paid,Upi,5494.98,0.0,5494.98,13828.59,13828.59,28.44,71.56,Critical Risk
INV51388,CUST1073,Customer_74,Smb,East,Online,Software Subscription,10.0,43883.38,10,43883.38,71091.08,466041.5,Unpaid,Debit Card,0.0,0.0,0.0,466041.5,466041.5,0.0,100.0,Critical Risk
INV51389,CUST1183,Customer_184,Mid-Market,North,Direct,Data Service,6.0,31050.85,5,9315.25,31858.17,208848.02,Unpaid,Credit Card,0.0,0.0,0.0,208848.02,208848.02,0.0,100.0,Critical Risk
INV51390,CUST1070,Customer_71,Smb,South,Direct,Cloud Service,9.0,28884.04,15,38993.45,39773.32,260736.23,Paid,Bank Transfer,260736.23,0.0,260736.23,0.0,0.0,100.0,0.0,Low Risk
INV51391,CUST1006,Customer_7,Smb,West,Direct,Support Plan,1.0,7204.9,20,1440.98,1037.51,6801.43,Paid,Cheque,6801.43,0.0,6801.43,0.0,0.0,100.0,0.0,Low Risk
INV51392,CUST1042,Customer_43,Mid-Market,North,Partner,Software Subscription,8.0,14281.04,0,0.0,20564.7,134813.02,Paid,Credit Card,134813.02,0.0,134813.02,0.0,0.0,100.0,0.0,Low Risk
INV51393,CUST1135,Customer_136,Mid-Market,North,Direct,Software Subscription,6.0,27231.64,15,24508.48,24998.64,163880.0,Paid,Upi,163880.0,0.0,163880.0,0.0,0.0,100.0,0.0,Low Risk
INV51394,CUST1031,Customer_32,Smb,West,Partner,Cloud Service,7.0,36960.25,25,64680.44,34927.44,228968.75,Paid,Debit Card,228968.75,0.0,228968.75,0.0,0.0,100.0,0.0,Low Risk
INV51395,CUST1113,Customer_114,Mid-Market,South,Partner,Cloud Service,6.0,76310.67,10,45786.4,0.0,486251.59,Paid,Debit Card,486251.59,0.0,486251.59,0.0,0.0,100.0,0.0,Low Risk
INV51396,CUST1118,Customer_119,Smb,North,Direct,Software Subscription,1.0,23942.84,0,0.0,4309.71,28252.55,Unpaid,Credit Card,0.0,0.0,0.0,28252.55,28252.55,0.0,100.0,Critical Risk
INV51397,CUST1058,Customer_59,Smb,North,Online,Support Plan,5.0,12461.43,0,0.0,11215.29,73522.44,Paid,Bank Transfer,73522.44,0.0,73522.44,0.0,0.0,100.0,0.0,Low Risk
INV51398,CUST1027,Customer_28,Smb,West,Direct,Software Subscription,12.0,30834.36,0,0.0,66602.22,436614.54,Overdue,Credit Card,0.0,0.0,0.0,436614.54,436614.54,0.0,100.0,Critical Risk
INV51399,CUST1026,Customer_27,Smb,East,Partner,Support Plan,12.0,26203.32,10,31443.98,50939.25,333935.11,Paid,Cheque,333935.11,0.0,333935.11,0.0,0.0,100.0,0.0,Low Risk
INV51400,CUST1051,Customer_52,Enterprise,South,Partner,Consulting,2.0,32539.4,10,6507.88,10542.77,69113.69,Paid,Cheque,69113.69,0.0,69113.69,0.0,0.0,100.0,0.0,Low Risk
INV51401,CUST1180,Customer_181,Smb,East,Direct,Cloud Service,8.0,23409.54,0,0.0,33709.74,220986.06,Paid,Credit Card,220986.06,0.0,220986.06,0.0,0.0,100.0,0.0,Low Risk
INV51402,CUST1236,Customer_237,Smb,North,Online,Support Plan,7.0,6100.14,20,8540.2,6148.94,40309.72,Unpaid,Credit Card,0.0,0.0,0.0,40309.72,40309.72,0.0,100.0,Critical Risk
INV51403,CUST1008,Customer_9,Smb,East,Online,Cloud Service,7.0,68912.16,20,96477.02,69463.46,455371.56,Paid,Cheque,455371.56,0.0,455371.56,0.0,0.0,100.0,0.0,Low Risk
INV51404,CUST1012,Customer_13,Smb,North,Online,Support Plan,11.0,24914.14,25,68513.88,36997.5,242539.16,Paid,Upi,242539.16,0.0,242539.16,0.0,0.0,100.0,0.0,Low Risk
INV51405,CUST1193,Customer_194,Mid-Market,North,Partner,Cloud Service,10.0,47970.47,0,0.0,86346.85,566051.55,Paid,Credit Card,566051.55,0.0,566051.55,0.0,0.0,100.0,0.0,Low Risk
INV51406,CUST1155,Customer_156,Mid-Market,West,Online,Data Service,5.0,51741.03,25,64676.29,34925.19,228954.05,Overdue,Credit Card,0.0,0.0,0.0,228954.05,228954.05,0.0,100.0,Critical Risk
INV51407,CUST1151,Customer_152,Smb,West,Direct,Software Subscription,7.0,37809.8,20,52933.72,38112.28,249847.16,Partially Paid,Credit Card,162386.68,0.0,162386.68,87460.48,87460.48000000001,64.99,35.01,High Risk
INV51408,CUST1243,Customer_244,Smb,East,Partner,Support Plan,10.0,22560.63,10,22560.63,36548.22,239593.89,Paid,Credit Card,239593.89,0.0,239593.89,0.0,0.0,100.0,0.0,Low Risk
INV51409,CUST1145,Customer_146,Enterprise,East,Direct,Data Service,8.0,53018.38,0,0.0,76346.47,500493.51,Paid,Debit Card,500493.51,0.0,500493.51,0.0,0.0,100.0,0.0,Low Risk
INV51410,CUST1119,Customer_120,Smb,South,Online,Support Plan,9.0,11175.24,5,5028.86,17198.69,112746.99,Paid,Bank Transfer,112746.99,0.0,112746.99,0.0,0.0,100.0,0.0,Low Risk
INV51411,CUST1241,Customer_242,Enterprise,West,Direct,Software Subscription,4.0,12141.03,15,7284.62,0.0,48709.81,Partially Paid,Bank Transfer,31688.43,0.0,31688.43,17021.38,17021.379999999997,65.06,34.94,High Risk
INV51412,CUST1187,Customer_188,Enterprise,North,Online,Data Service,11.0,21296.73,10,23426.4,37950.77,248788.4,Overdue,Debit Card,0.0,0.0,0.0,248788.4,248788.4,0.0,100.0,Critical Risk
INV51413,CUST1035,Customer_36,Smb,South,Online,Software Subscription,8.0,10112.21,15,12134.65,12377.35,81140.38,Paid,Debit Card,81140.38,0.0,81140.38,0.0,0.0,100.0,0.0,Low Risk
INV51414,CUST1138,Customer_139,Smb,North,Direct,Software Subscription,5.0,27653.27,0,0.0,24887.94,163154.29,Paid,Credit Card,163154.29,0.0,163154.29,0.0,0.0,100.0,0.0,Low Risk
INV51415,CUST1152,Customer_153,Smb,West,Online,Software Subscription,3.0,42654.41,25,31990.81,17275.04,113247.46,Partially Paid,Cheque,62768.31,0.0,62768.31,50479.15,50479.15000000001,55.43,44.57,High Risk
INV51416,CUST1148,Customer_149,Enterprise,South,Online,Support Plan,11.0,6180.31,0,0.0,12237.01,80220.42,Paid,Bank Transfer,80220.42,0.0,80220.42,0.0,0.0,100.0,0.0,Low Risk
INV51417,CUST1108,Customer_109,Smb,South,Partner,Support Plan,1.0,8663.3,25,2165.82,1169.55,7667.03,Overdue,Upi,0.0,0.0,0.0,7667.03,7667.03,0.0,100.0,Critical Risk
INV51418,CUST1090,Customer_91,Smb,West,Online,Support Plan,10.0,18565.97,20,37131.94,26735.0,175262.76,Paid,Upi,175262.76,0.0,175262.76,0.0,0.0,100.0,0.0,Low Risk
INV51419,CUST1063,Customer_64,Mid-Market,South,Direct,Data Service,7.0,56495.38,0,0.0,71184.18,466651.84,Paid,Debit Card,466651.84,0.0,466651.84,0.0,0.0,100.0,0.0,Low Risk
INV51420,CUST1086,Customer_87,Smb,West,Partner,Consulting,3.0,48196.39,15,21688.38,22122.14,145022.93,Paid,Cheque,145022.93,0.0,145022.93,0.0,0.0,100.0,0.0,Low Risk
INV51421,CUST1247,Customer_248,Mid-Market,North,Partner,Consulting,5.0,68259.65,20,68259.65,49146.95,322185.55,Paid,Credit Card,322185.55,0.0,322185.55,0.0,0.0,100.0,0.0,Low Risk
INV51422,CUST1038,Customer_39,Enterprise,North,Direct,Data Service,8.0,9203.36,0,0.0,13252.84,86879.72,Paid,Upi,86879.72,0.0,86879.72,0.0,0.0,100.0,0.0,Low Risk
INV51423,CUST1150,Customer_151,Enterprise,West,Direct,Consulting,6.0,30576.04,5,9172.81,31371.02,205654.45,Overdue,Credit Card,0.0,0.0,0.0,205654.45,205654.45,0.0,100.0,Critical Risk
INV51424,CUST1228,Customer_229,Smb,North,Partner,Consulting,4.0,118596.16,0,0.0,85389.24,559773.88,Overdue,Upi,0.0,0.0,0.0,559773.88,559773.88,0.0,100.0,Critical Risk
INV51425,CUST1232,Customer_233,Enterprise,West,Partner,Cloud Service,8.0,87209.5,5,34883.8,119302.6,782094.8,Paid,Bank Transfer,782094.8,0.0,782094.8,0.0,0.0,100.0,0.0,Low Risk
INV51426,CUST1007,Customer_8,Mid-Market,North,Online,Support Plan,7.0,5148.2,0,0.0,6486.73,42524.13,Paid,Credit Card,42524.13,0.0,42524.13,0.0,0.0,100.0,0.0,Low Risk
INV51427,CUST1138,Customer_139,Enterprise,East,Direct,Software Subscription,7.0,43217.04,25,75629.82,40840.1,267729.56,Unpaid,Debit Card,0.0,0.0,0.0,267729.56,267729.56,0.0,100.0,Critical Risk
INV51428,CUST1217,Customer_218,Enterprise,East,Online,Consulting,6.0,82107.59,5,24632.28,84242.39,552255.65,Overdue,Debit Card,0.0,0.0,0.0,552255.65,552255.65,0.0,100.0,Critical Risk
INV51429,CUST1140,Customer_141,Smb,East,Partner,Data Service,7.0,52999.67,10,37099.77,60101.63,393999.55,Partially Paid,Bank Transfer,283695.18,0.0,283695.18,110304.37,110304.37,72.0,28.0,Medium Risk
INV51430,CUST1034,Customer_35,Mid-Market,West,Online,Consulting,1.0,62747.68,25,15686.92,8470.94,55531.7,Overdue,Bank Transfer,0.0,0.0,0.0,55531.7,55531.7,0.0,100.0,Critical Risk
INV51431,CUST1121,Customer_122,Smb,West,Online,Software Subscription,4.0,27077.05,20,21661.64,15596.38,102242.94,Paid,Credit Card,102242.94,0.0,102242.94,0.0,0.0,100.0,0.0,Low Risk
INV51432,CUST1095,Customer_96,Mid-Market,East,Direct,Support Plan,8.0,19665.4,0,0.0,28318.18,185641.38,Paid,Upi,185641.38,0.0,185641.38,0.0,0.0,100.0,0.0,Low Risk
INV51433,CUST1075,Customer_76,Enterprise,West,Partner,Support Plan,11.0,25005.93,10,27506.52,44560.57,292119.28,Unpaid,Debit Card,0.0,0.0,0.0,292119.28,292119.28,0.0,100.0,Critical Risk
INV51434,CUST1202,Customer_203,Smb,West,Partner,Consulting,1.0,29663.38,10,2966.34,4805.47,31502.51,Paid,Upi,31502.51,0.0,31502.51,0.0,0.0,100.0,0.0,Low Risk
INV51435,CUST1196,Customer_197,Smb,East,Partner,Consulting,4.0,18147.23,0,0.0,13066.01,85654.93,Paid,Debit Card,85654.93,0.0,85654.93,0.0,0.0,100.0,0.0,Low Risk
INV51436,CUST1047,Customer_48,Mid-Market,East,Online,Cloud Service,12.0,34634.4,10,41561.28,67329.27,441380.79,Paid,Cheque,441380.79,0.0,441380.79,0.0,0.0,100.0,0.0,Low Risk
INV51437,CUST1002,Customer_3,Mid-Market,South,Partner,Support Plan,3.0,26140.42,5,3921.06,13410.04,87910.24,Paid,Debit Card,87910.24,0.0,87910.24,0.0,0.0,100.0,0.0,Low Risk
INV51438,CUST1102,Customer_103,Smb,South,Partner,Cloud Service,10.0,26148.28,0,0.0,47066.9,308549.7,Paid,Bank Transfer,308549.7,0.0,308549.7,0.0,0.0,100.0,0.0,Low Risk
INV51439,CUST1208,Customer_209,Enterprise,North,Direct,Data Service,9.0,42691.92,20,76845.46,55328.73,362710.55,Overdue,Debit Card,0.0,0.0,0.0,362710.55,362710.55,0.0,100.0,Critical Risk
INV51440,CUST1143,Customer_144,Smb,North,Partner,Software Subscription,3.0,43886.75,15,19749.04,20144.02,132055.23,Paid,Debit Card,132055.23,0.0,132055.23,0.0,0.0,100.0,0.0,Low Risk
INV51441,CUST1218,Customer_219,Smb,North,Direct,Support Plan,2.0,7817.02,5,781.7,2673.42,17525.76,Unpaid,Cheque,0.0,0.0,0.0,17525.76,17525.76,0.0,100.0,Critical Risk
INV51442,CUST1087,Customer_88,Smb,West,Online,Cloud Service,12.0,63808.17,20,153139.61,110260.52,722818.95,Overdue,Upi,0.0,0.0,0.0,722818.95,722818.95,0.0,100.0,Critical Risk
INV51443,CUST1242,Customer_243,Mid-Market,East,Partner,Cloud Service,3.0,45500.02,0,0.0,24570.01,161070.07,Partially Paid,Upi,99352.8,0.0,99352.8,61717.27,61717.270000000004,61.68,38.32,High Risk
INV51444,CUST1173,Customer_174,Enterprise,South,Direct,Cloud Service,5.0,79451.38,15,59588.54,60780.3,398448.66,Paid,Bank Transfer,398448.66,0.0,398448.66,0.0,0.0,100.0,0.0,Low Risk
INV51445,CUST1039,Customer_40,Enterprise,North,Partner,Support Plan,5.0,10314.49,25,12893.11,6962.28,45641.62,Partially Paid,Debit Card,26128.64,0.0,26128.64,19512.98,19512.980000000003,57.25,42.75,High Risk
INV51446,CUST1170,Customer_171,Smb,West,Online,Consulting,8.0,87725.72,5,35090.29,120008.78,786724.25,Paid,Credit Card,786724.25,0.0,786724.25,0.0,0.0,100.0,0.0,Low Risk
INV51447,CUST1182,Customer_183,Smb,North,Partner,Data Service,1.0,51420.11,0,0.0,9255.62,60675.73,Partially Paid,Upi,26224.96,0.0,26224.96,34450.77,34450.770000000004,43.22,56.78,Critical Risk
INV51448,CUST1155,Customer_156,Enterprise,East,Direct,Consulting,6.0,114184.49,5,34255.35,117153.29,768004.88,Paid,Upi,768004.88,0.0,768004.88,0.0,0.0,100.0,0.0,Low Risk
INV51449,CUST1189,Customer_190,Smb,North,Partner,Software Subscription,12.0,33280.18,20,79872.43,57508.15,376997.88,Paid,Upi,376997.88,0.0,376997.88,0.0,0.0,100.0,0.0,Low Risk
INV51450,CUST1065,Customer_66,Enterprise,South,Online,Cloud Service,5.0,49773.98,10,24886.99,40316.92,264299.83,Paid,Upi,264299.83,0.0,264299.83,0.0,0.0,100.0,0.0,Low Risk
INV51451,CUST1158,Customer_159,Smb,East,Direct,Data Service,2.0,39745.9,0,0.0,14308.52,93800.32,Partially Paid,Cheque,55393.46,0.0,55393.46,38406.86,38406.86000000001,59.05,40.95,High Risk
INV51452,CUST1116,Customer_117,Enterprise,West,Online,Data Service,11.0,53051.96,10,58357.16,94538.59,0.0,Overdue,Cheque,0.0,0.0,0.0,619752.99,0.0,0.0,0.0,Low Risk
INV51453,CUST1080,Customer_81,Mid-Market,South,Partner,Consulting,8.0,74914.02,0,0.0,107876.19,707188.35,Paid,Debit Card,707188.35,0.0,707188.35,0.0,0.0,100.0,0.0,Low Risk
INV51454,CUST1220,Customer_221,Mid-Market,South,Direct,Data Service,9.0,8610.51,20,15498.92,11159.22,73154.89,Unpaid,Cheque,0.0,0.0,0.0,73154.89,73154.89,0.0,100.0,Critical Risk
INV51455,CUST1133,Customer_134,Smb,West,Direct,Data Service,2.0,56340.28,5,5634.03,19268.38,126314.91,Overdue,Debit Card,0.0,0.0,0.0,126314.91,126314.91,0.0,100.0,Critical Risk
INV51456,CUST1132,Customer_133,Enterprise,North,Direct,Software Subscription,12.0,33512.49,10,40214.99,65148.28,427083.17,Paid,Credit Card,427083.17,0.0,427083.17,0.0,0.0,100.0,0.0,Low Risk
INV51457,CUST1004,Customer_5,Smb,North,Online,Data Service,7.0,42855.21,25,74996.62,40498.17,265488.02,Paid,Cheque,265488.02,0.0,265488.02,0.0,0.0,100.0,0.0,Low Risk
INV51458,CUST1002,Customer_3,Mid-Market,North,Online,Cloud Service,4.0,27254.01,15,16352.41,16679.45,109343.08,Paid,Credit Card,109343.08,0.0,109343.08,0.0,0.0,100.0,0.0,Low Risk
INV51459,CUST1062,Customer_63,Mid-Market,South,Direct,Software Subscription,10.0,32378.76,0,0.0,58281.77,382069.37,Unpaid,Upi,0.0,0.0,0.0,382069.37,382069.37,0.0,100.0,Critical Risk
INV51460,CUST1080,Customer_81,Enterprise,North,Partner,Software Subscription,1.0,22572.98,0,0.0,4063.14,26636.12,Paid,Debit Card,26636.12,0.0,26636.12,0.0,0.0,100.0,0.0,Low Risk
INV51461,CUST1209,Customer_210,Enterprise,North,Online,Cloud Service,12.0,62098.64,20,149036.74,107306.45,703453.39,Paid,Bank Transfer,703453.39,0.0,703453.39,0.0,0.0,100.0,0.0,Low Risk
INV51462,CUST1099,Customer_100,Smb,East,Partner,Software Subscription,2.0,11943.94,0,0.0,4299.82,28187.7,Overdue,Bank Transfer,0.0,0.0,0.0,28187.7,28187.7,0.0,100.0,Critical Risk
INV51463,CUST1000,Customer_1,Enterprise,East,Online,Data Service,6.0,41865.8,0,0.0,45215.06,296409.86,Paid,Debit Card,296409.86,0.0,296409.86,0.0,0.0,100.0,0.0,Low Risk
INV51464,CUST1197,Customer_198,Mid-Market,South,Partner,Consulting,7.0,119938.44,20,167913.82,120897.95,792553.21,Paid,Cheque,792553.21,0.0,792553.21,0.0,0.0,100.0,0.0,Low Risk
INV51465,CUST1155,Customer_156,Mid-Market,North,Partner,Software Subscription,9.0,9783.85,10,8805.47,14264.85,93514.03,Paid,Cheque,93514.03,0.0,93514.03,0.0,0.0,100.0,0.0,Low Risk
INV51466,CUST1007,Customer_8,Smb,West,Partner,Data Service,7.0,58790.23,5,20576.58,70371.91,461326.94,Paid,Bank Transfer,461326.94,0.0,461326.94,0.0,0.0,100.0,0.0,Low Risk
INV51467,CUST1241,Customer_242,Smb,South,Partner,Support Plan,12.0,17207.24,15,30973.03,31592.49,207106.34,Paid,Bank Transfer,207106.34,0.0,207106.34,0.0,0.0,100.0,0.0,Low Risk
INV51468,CUST1218,Customer_219,Smb,East,Partner,Data Service,6.0,53149.93,5,15944.98,54531.83,357486.43,Overdue,Cheque,0.0,0.0,0.0,357486.43,357486.43,0.0,100.0,Critical Risk
INV51469,CUST1124,Customer_125,Mid-Market,South,Direct,Software Subscription,11.0,36948.26,5,20321.54,69499.68,455609.0,Paid,Bank Transfer,455609.0,0.0,455609.0,0.0,0.0,100.0,0.0,Low Risk
INV51470,CUST1155,Customer_156,Mid-Market,West,Partner,Support Plan,3.0,22010.49,20,13206.29,9508.53,62333.71,Paid,Cheque,62333.71,0.0,62333.71,0.0,0.0,100.0,0.0,Low Risk
INV51471,CUST1207,Customer_208,Mid-Market,East,Online,Cloud Service,12.0,69075.94,15,124336.69,126823.43,831398.02,Paid,Upi,831398.02,0.0,831398.02,0.0,0.0,100.0,0.0,Low Risk
INV51472,CUST1081,Customer_82,Smb,East,Partner,Data Service,3.0,53561.32,0,0.0,28923.11,189607.07,Unpaid,Bank Transfer,0.0,0.0,0.0,189607.07,189607.07,0.0,100.0,Critical Risk
INV51473,CUST1161,Customer_162,Smb,South,Direct,Cloud Service,7.0,42331.23,10,29631.86,48003.61,314690.36,Overdue,Upi,0.0,0.0,0.0,314690.36,314690.36,0.0,100.0,Critical Risk
INV51474,CUST1041,Customer_42,Enterprise,South,Direct,Data Service,6.0,24332.76,10,14599.66,23651.44,155048.34,Paid,Upi,155048.34,0.0,155048.34,0.0,0.0,100.0,0.0,Low Risk
INV51475,CUST1034,Customer_35,Enterprise,East,Online,Software Subscription,7.0,32700.96,15,34336.01,35022.73,229593.44,Paid,Bank Transfer,229593.44,0.0,229593.44,0.0,0.0,100.0,0.0,Low Risk
INV51476,CUST1095,Customer_96,Enterprise,North,Partner,Data Service,3.0,49815.83,25,37361.87,20175.41,132261.03,Overdue,Credit Card,0.0,0.0,0.0,132261.03,132261.03,0.0,100.0,Critical Risk
INV51477,CUST1190,Customer_191,Smb,West,Online,Support Plan,1.0,27868.55,5,1393.43,4765.52,31240.64,Paid,Upi,31240.64,2558.49,28682.15,2558.49,2558.489999999998,91.81,8.19,Low Risk
INV51478,CUST1065,Customer_66,Enterprise,East,Direct,Software Subscription,9.0,37519.11,10,33767.2,54702.86,358607.65,Paid,Credit Card,358607.65,0.0,358607.65,0.0,0.0,100.0,0.0,Low Risk
INV51479,CUST1142,Customer_143,Mid-Market,North,Partner,Support Plan,6.0,18067.5,5,5420.25,18537.26,121522.01,Partially Paid,Bank Transfer,44649.27,0.0,44649.27,76872.74,76872.73999999999,36.74,63.26,Critical Risk
INV51480,CUST1206,Customer_207,Smb,North,Direct,Data Service,2.0,50345.21,10,10069.04,16311.85,106933.23,Overdue,Upi,0.0,0.0,0.0,106933.23,106933.23,0.0,100.0,Critical Risk
INV51481,CUST1090,Customer_91,Mid-Market,South,Online,Data Service,7.0,13371.08,10,9359.76,15162.8,99400.6,Partially Paid,Upi,23978.65,0.0,23978.65,75421.95,75421.95000000001,24.12,75.88,Critical Risk
INV51482,CUST1195,Customer_196,Enterprise,East,Online,Consulting,6.0,72171.36,5,21651.41,74047.82,485424.57,Paid,Debit Card,485424.57,0.0,485424.57,0.0,0.0,100.0,0.0,Low Risk
INV51483,CUST1049,Customer_50,Mid-Market,South,Online,Consulting,12.0,15604.66,10,18725.59,30335.46,198865.79,Overdue,Upi,0.0,0.0,0.0,198865.79,198865.79,0.0,100.0,Critical Risk
INV51484,CUST1097,Customer_98,Enterprise,North,Partner,Cloud Service,7.0,35966.87,5,12588.4,43052.34,282232.03,Paid,Debit Card,282232.03,0.0,282232.03,0.0,0.0,100.0,0.0,Low Risk
INV51485,CUST1092,Customer_93,Smb,South,Online,Cloud Service,6.0,39316.92,0,0.0,42462.27,278363.79,Paid,Credit Card,278363.79,0.0,278363.79,0.0,0.0,100.0,0.0,Low Risk
INV51486,CUST1239,Customer_240,Smb,North,Online,Cloud Service,2.0,41693.82,0,0.0,15009.78,98397.42,Paid,Cheque,98397.42,0.0,98397.42,0.0,0.0,100.0,0.0,Low Risk
INV51487,CUST1243,Customer_244,Smb,North,Direct,Software Subscription,8.0,33732.29,20,53971.66,38859.6,254746.26,Paid,Upi,254746.26,0.0,254746.26,0.0,0.0,100.0,0.0,Low Risk
INV51488,CUST1099,Customer_100,Smb,South,Partner,Consulting,3.0,55798.6,0,0.0,30131.24,197527.04,Paid,Upi,197527.04,0.0,197527.04,0.0,0.0,100.0,0.0,Low Risk
INV51489,CUST1228,Customer_229,Smb,East,Direct,Consulting,3.0,62112.83,25,46584.62,25155.7,164909.57,Overdue,Bank Transfer,0.0,0.0,0.0,164909.57,164909.57,0.0,100.0,Critical Risk
INV51490,CUST1020,Customer_21,Smb,East,Partner,Cloud Service,4.0,29003.53,5,5800.71,19838.41,130051.82,Overdue,Cheque,0.0,0.0,0.0,130051.82,130051.82,0.0,100.0,Critical Risk
INV51491,CUST1072,Customer_73,Smb,West,Online,Support Plan,2.0,16197.55,25,8098.77,4373.34,28669.67,Unpaid,Cheque,0.0,0.0,0.0,28669.67,28669.67,0.0,100.0,Critical Risk
INV51492,CUST1172,Customer_173,Smb,East,Online,Software Subscription,4.0,16408.98,0,0.0,11814.47,77450.39,Paid,Cheque,77450.39,0.0,77450.39,0.0,0.0,100.0,0.0,Low Risk
INV51493,CUST1052,Customer_53,Mid-Market,North,Direct,Data Service,2.0,10879.38,0,0.0,3916.58,25675.34,Paid,Debit Card,25675.34,0.0,25675.34,0.0,0.0,100.0,0.0,Low Risk
INV51494,CUST1018,Customer_19,Mid-Market,South,Online,Data Service,2.0,38982.78,10,7796.56,12630.42,82799.42,Overdue,Upi,0.0,0.0,0.0,82799.42,82799.42,0.0,100.0,Critical Risk
INV51495,CUST1175,Customer_176,Mid-Market,West,Online,Consulting,1.0,85162.34,15,12774.35,13029.84,85417.83,Paid,Cheque,85417.83,19936.58,65481.25,19936.58,19936.58,76.66,23.34,Medium Risk
INV51496,CUST1146,Customer_147,Smb,West,Partner,Data Service,1.0,39832.99,0,0.0,7169.94,47002.93,Paid,Bank Transfer,47002.93,0.0,47002.93,0.0,0.0,100.0,0.0,Low Risk
INV51497,CUST1068,Customer_69,Mid-Market,East,Direct,Consulting,12.0,63666.87,10,76400.24,123768.4,811370.6,Partially Paid,Bank Transfer,439897.23,0.0,439897.23,371473.37,371473.37,54.22,45.78,High Risk
INV51498,CUST1117,Customer_118,Smb,East,Direct,Consulting,6.0,54877.51,15,49389.76,50377.55,330252.85,Paid,Bank Transfer,330252.85,0.0,330252.85,0.0,0.0,100.0,0.0,Low Risk
INV51499,CUST1080,Customer_81,Smb,South,Online,Support Plan,3.0,30900.01,10,9270.0,15017.41,98447.44,Paid,Bank Transfer,98447.44,0.0,98447.44,0.0,0.0,100.0,0.0,Low Risk
